oblast_id,raion_id,hromada_id,hromada_name,hromada_geo_id,has_adm3_geometry,parent_link_status
UA01,UA0102,UA01020010000048857,Андріївська територіальна громада,0102001,0,linked
UA01,UA0102,UA01020030000085835,Ароматненська територіальна громада,0102003,1,linked
UA01,UA0102,UA01020050000056842,Бахчисарайська територіальна громада,0102005,1,linked
UA01,UA0102,UA01020070000057731,Верхньосадівська територіальна громада,0102007,0,linked
UA01,UA0102,UA01020090000085519,Верхоріченська територіальна громада,0102009,1,linked
UA01,UA0102,UA01020110000025392,Вілінська територіальна громада,0102011,1,linked
UA01,UA0102,UA01020130000011846,Голубинська територіальна громада,0102013,1,linked
UA01,UA0102,UA01020150000013553,Долинненська територіальна громада,0102015,1,linked
UA01,UA0102,UA01020170000026113,Залізничненська територіальна громада,0102017,1,linked
UA01,UA0102,UA01020190000077808,Зеленівська територіальна громада,0102019,1,linked
UA01,UA0102,UA01020210000031011,Інкерманська територіальна громада,0102021,0,linked
UA01,UA0102,UA01020230000086125,Качинська територіальна громада,0102023,0,linked
UA01,UA0102,UA01020250000083187,Каштанівська територіальна громада,0102025,1,linked
UA01,UA0102,UA01020270000095791,Красномацька територіальна громада,0102027,1,linked
UA01,UA0102,UA01020290000023695,Куйбишевська територіальна громада,0102029,1,linked
UA01,UA0102,UA01020310000028500,Орлинівська територіальна громада,0102031,0,linked
UA01,UA0102,UA01020330000026857,Піщанівська територіальна громада,0102033,1,linked
UA01,UA0102,UA01020350000012924,Плодівська територіальна громада,0102035,1,linked
UA01,UA0102,UA01020370000098913,Поштівська територіальна громада,0102037,1,linked
UA01,UA0102,UA01020390000023946,Скалистівська територіальна громада,0102039,1,linked
UA01,UA0102,UA01020410000012183,Табачненська територіальна громада,0102041,1,linked
UA01,UA0102,UA01020430000077222,Тернівська територіальна громада,0102043,0,linked
UA01,UA0102,UA01020450000039196,Тінистівська територіальна громада,0102045,1,linked
UA01,UA0102,UA01020470000045027,Углівська територіальна громада,0102047,1,linked
UA01,UA0104,UA01040010000012643,Ароматнівська територіальна громада,0104001,1,linked
UA01,UA0104,UA01040030000094499,Багатівська територіальна громада,0104003,1,linked
UA01,UA0104,UA01040050000043618,Білогірська територіальна громада,0104005,1,linked
UA01,UA0104,UA01040070000067477,Василівська територіальна громада,0104007,1,linked
UA01,UA0104,UA01040090000079381,Вишенська територіальна громада,0104009,1,linked
UA01,UA0104,UA01040110000030475,Дрофинська територіальна громада,0104011,1,linked
UA01,UA0104,UA01040130000027316,Желябовська територіальна громада,0104013,1,linked
UA01,UA0104,UA01040150000027533,Жемчужинська територіальна громада,0104015,1,linked
UA01,UA0104,UA01040170000015760,Зеленогірська територіальна громада,0104017,1,linked
UA01,UA0104,UA01040190000020544,Земляничненська територіальна громада,0104019,1,linked
UA01,UA0104,UA01040210000036434,Зибинська територіальна громада,0104021,1,linked
UA01,UA0104,UA01040230000046436,Зоркінська територіальна громада,0104023,1,linked
UA01,UA0104,UA01040250000021026,Зуйська територіальна громада,0104025,1,linked
UA01,UA0104,UA01040270000034439,Іванівська територіальна громада,0104027,1,linked
UA01,UA0104,UA01040290000025831,Ізобільненська територіальна громада,0104029,1,linked
UA01,UA0104,UA01040310000067033,Кісточківська територіальна громада,0104031,1,linked
UA01,UA0104,UA01040330000019963,Кримськорозівська територіальна громада,0104033,1,linked
UA01,UA0104,UA01040350000026880,Криничненська територіальна громада,0104035,1,linked
UA01,UA0104,UA01040370000093220,Курська територіальна громада,0104037,1,linked
UA01,UA0104,UA01040390000094458,Листвинська територіальна громада,0104039,1,linked
UA01,UA0104,UA01040410000039649,Мельнична територіальна громада,0104041,1,linked
UA01,UA0104,UA01040430000084830,Митрофанівська територіальна громада,0104043,1,linked
UA01,UA0104,UA01040450000033279,Михайлівська територіальна громада,0104045,1,linked
UA01,UA0104,UA01040470000054380,Мічурінська територіальна громада,0104047,1,linked
UA01,UA0104,UA01040490000050783,Муромська територіальна громада,0104049,1,linked
UA01,UA0104,UA01040510000040948,Нижньогірська територіальна громада,0104051,1,linked
UA01,UA0104,UA01040530000066139,Новогригорівська територіальна громада,0104053,1,linked
UA01,UA0104,UA01040550000033125,Новожилівська територіальна громада,0104055,1,linked
UA01,UA0104,UA01040570000042023,Омелянівська територіальна громада,0104057,1,linked
UA01,UA0104,UA01040590000047581,Охотська територіальна громада,0104059,1,linked
UA01,UA0104,UA01040610000061821,Пшеничненська територіальна громада,0104061,1,linked
UA01,UA0104,UA01040630000018582,Русаківська територіальна громада,0104063,1,linked
UA01,UA0104,UA01040650000030704,Садова територіальна громада,0104065,1,linked
UA01,UA0104,UA01040670000061265,Уварівська територіальна громада,0104067,1,linked
UA01,UA0104,UA01040690000074143,Цвіточненська територіальна громада,0104069,1,linked
UA01,UA0104,UA01040710000052728,Чкаловська територіальна громада,0104071,1,linked
UA01,UA0104,UA01040730000084787,Чорнопільська територіальна громада,0104073,1,linked
UA01,UA0104,UA01040750000059611,Якимівська територіальна громада,0104075,1,linked
UA01,UA0106,UA01060010000036566,Азовська територіальна громада,0106001,1,linked
UA01,UA0106,UA01060030000038531,Вільненська територіальна громада,0106003,1,linked
UA01,UA0106,UA01060050000010421,Джанкойська територіальна громада,0106005,1,linked
UA01,UA0106,UA01060070000050618,Єрмаківська територіальна громада,0106007,1,linked
UA01,UA0106,UA01060090000040099,Завіто-Ленінська територіальна громада,0106009,1,linked
UA01,UA0106,UA01060110000056995,Зарічненська територіальна громада,0106011,1,linked
UA01,UA0106,UA01060130000083087,Ізумруднівська територіальна громада,0106013,1,linked
UA01,UA0106,UA01060150000096126,Кіндратівська територіальна громада,0106015,1,linked
UA01,UA0106,UA01060170000087883,Кримківська територіальна громада,0106017,1,linked
UA01,UA0106,UA01060190000037533,Лобанівська територіальна громада,0106019,1,linked
UA01,UA0106,UA01060210000015881,Луганська територіальна громада,0106021,1,linked
UA01,UA0106,UA01060230000090283,Майська територіальна громада,0106023,1,linked
UA01,UA0106,UA01060250000010093,Маслівська територіальна громада,0106025,1,linked
UA01,UA0106,UA01060270000057570,Медведівська територіальна громада,0106027,1,linked
UA01,UA0106,UA01060290000012729,Мирнівська територіальна громада,0106029,1,linked
UA01,UA0106,UA01060310000070223,Новокримська територіальна громада,0106031,1,linked
UA01,UA0106,UA01060330000093805,Пахарівська територіальна громада,0106033,1,linked
UA01,UA0106,UA01060350000056233,Побєдненська територіальна громада,0106035,1,linked
UA01,UA0106,UA01060370000043403,Просторненська територіальна громада,0106037,1,linked
UA01,UA0106,UA01060390000046603,Розкішненська територіальна громада,0106039,1,linked
UA01,UA0106,UA01060410000094479,Рощинська територіальна громада,0106041,1,linked
UA01,UA0106,UA01060430000047350,Світлівська територіальна громада,0106043,1,linked
UA01,UA0106,UA01060450000039619,Стальненська територіальна громада,0106045,1,linked
UA01,UA0106,UA01060470000074569,Табачненська територіальна громада,0106047,1,linked
UA01,UA0106,UA01060490000025706,Цілинна територіальна громада,0106049,1,linked
UA01,UA0106,UA01060510000014745,Чайкинська територіальна громада,0106051,1,linked
UA01,UA0106,UA01060530000083757,Ярківська територіальна громада,0106053,1,linked
UA01,UA0106,UA01060550000035996,Яркополенська територіальна громада,0106055,1,linked
UA01,UA0106,UA01060570000054277,Яснополянська територіальна громада,0106057,1,linked
UA01,UA0108,UA01080010000041994,Вересаєвська територіальна громада,0108001,1,linked
UA01,UA0108,UA01080030000045727,Веселівська територіальна громада,0108003,1,linked
UA01,UA0108,UA01080050000096676,Виноградівська територіальна громада,0108005,1,linked
UA01,UA0108,UA01080070000098272,Воробйовська територіальна громада,0108007,1,linked
UA01,UA0108,UA01080090000042257,Геройська територіальна громада,0108009,1,linked
UA01,UA0108,UA01080110000026158,Далеківська територіальна громада,0108011,1,linked
UA01,UA0108,UA01080130000045712,Добрушинська територіальна громада,0108013,1,linked
UA01,UA0108,UA01080150000090077,Євпаторійська територіальна громада,0108015,1,linked
UA01,UA0108,UA01080170000067481,Заозерненська територіальна громада,0108017,1,linked
UA01,UA0108,UA01080190000077346,Зернівська територіальна громада,0108019,1,linked
UA01,UA0108,UA01080210000085553,Іванівська територіальна громада,0108021,1,linked
UA01,UA0108,UA01080230000099101,Кіровська територіальна громада,0108023,1,linked
UA01,UA0108,UA01080250000089512,Кольцовська територіальна громада,0108025,1,linked
UA01,UA0108,UA01080270000041617,Крайненська територіальна громада,0108027,1,linked
UA01,UA0108,UA01080290000094502,Краснополянська територіальна громада,0108029,1,linked
UA01,UA0108,UA01080310000030238,Красноярська територіальна громада,0108031,1,linked
UA01,UA0108,UA01080330000045383,Кримська територіальна громада,0108033,1,linked
UA01,UA0108,UA01080350000063181,Ліснівська територіальна громада,0108035,1,linked
UA01,UA0108,UA01080370000027490,Медведівська територіальна громада,0108037,1,linked
UA01,UA0108,UA01080390000062037,Мирнівська територіальна громада,0108039,1,linked
UA01,UA0108,UA01080410000097623,Митяївська територіальна громада,0108041,1,linked
UA01,UA0108,UA01080430000040534,Міжводненська територіальна громада,0108043,1,linked
UA01,UA0108,UA01080450000078177,Молочненська територіальна громада,0108045,1,linked
UA01,UA0108,UA01080470000052776,Новоіванівська територіальна громада,0108047,1,linked
UA01,UA0108,UA01080490000088705,Новоозернівська територіальна громада,0108049,1,linked
UA01,UA0108,UA01080510000081703,Новосільська територіальна громада,0108051,1,linked
UA01,UA0108,UA01080530000095517,Новофедорівська територіальна громада,0108053,1,linked
UA01,UA0108,UA01080550000082915,Окунівська територіальна громада,0108055,1,linked
UA01,UA0108,UA01080570000060174,Оленівська територіальна громада,0108057,1,linked
UA01,UA0108,UA01080590000030182,Оріхівська територіальна громада,0108059,1,linked
UA01,UA0108,UA01080610000042551,Охотниківська територіальна громада,0108061,1,linked
UA01,UA0108,UA01080630000050017,Ромашкінська територіальна громада,0108063,1,linked
UA01,UA0108,UA01080650000098466,Сакська територіальна громада,0108065,1,linked
UA01,UA0108,UA01080670000081722,Сизівська територіальна громада,0108067,1,linked
UA01,UA0108,UA01080690000089219,Стовпівська територіальна громада,0108069,1,linked
UA01,UA0108,UA01080710000034293,Суворовська територіальна громада,0108071,1,linked
UA01,UA0108,UA01080730000098259,Уютненська територіальна громада,0108073,1,linked
UA01,UA0108,UA01080750000013468,Фрунзенська територіальна громада,0108075,1,linked
UA01,UA0108,UA01080770000058252,Чорноморська територіальна громада,0108077,1,linked
UA01,UA0108,UA01080790000011419,Штормівська територіальна громада,0108079,1,linked
UA01,UA0110,UA01100010000022797,Багерівська територіальна громада,0110001,1,linked
UA01,UA0110,UA01100030000048819,Батальненська територіальна громада,0110003,1,linked
UA01,UA0110,UA01100050000032249,Бєлінська територіальна громада,0110005,1,linked
UA01,UA0110,UA01100070000027051,Виноградненська територіальна громада,0110007,1,linked
UA01,UA0110,UA01100090000034261,Войковська територіальна громада,0110009,1,linked
UA01,UA0110,UA01100110000093635,Глазівська територіальна громада,0110011,1,linked
UA01,UA0110,UA01100130000078291,Горностаївська територіальна громада,0110013,1,linked
UA01,UA0110,UA01100150000050037,Завітненська територіальна громада,0110015,1,linked
UA01,UA0110,UA01100170000080650,Іллічівська територіальна громада,0110017,1,linked
UA01,UA0110,UA01100190000015603,Калинівська територіальна громада,0110019,1,linked
UA01,UA0110,UA01100210000043998,Керченська територіальна громада,0110021,1,linked
UA01,UA0110,UA01100230000026110,Кіровська територіальна громада,0110023,1,linked
UA01,UA0110,UA01100250000014231,Красногірська територіальна громада,0110025,1,linked
UA01,UA0110,UA01100270000099943,Ленінська територіальна громада,0110027,1,linked
UA01,UA0110,UA01100290000081734,Ленінська територіальна громада,0110029,1,linked
UA01,UA0110,UA01100310000012013,Лугівська територіальна громада,0110031,1,linked
UA01,UA0110,UA01100330000092816,Мар’ївська територіальна громада,0110033,1,linked
UA01,UA0110,UA01100350000026967,Марфівська територіальна громада,0110035,1,linked
UA01,UA0110,UA01100370000049378,Мисівська територіальна громада,0110037,1,linked
UA01,UA0110,UA01100390000084753,Новомиколаївська територіальна громада,0110039,1,linked
UA01,UA0110,UA01100410000053805,Октябрська територіальна громада,0110041,1,linked
UA01,UA0110,UA01100430000049599,Останінська територіальна громада,0110043,1,linked
UA01,UA0110,UA01100450000022147,Приозернівська територіальна громада,0110045,1,linked
UA01,UA0110,UA01100470000038508,Семисотська територіальна громада,0110047,1,linked
UA01,UA0110,UA01100490000049777,Уварівська територіальна громада,0110049,1,linked
UA01,UA0110,UA01100510000028045,Челядінівська територіальна громада,0110051,1,linked
UA01,UA0110,UA01100530000065789,Чистопільська територіальна громада,0110053,1,linked
UA01,UA0110,UA01100550000039383,Щолкінська територіальна громада,0110055,1,linked
UA01,UA0112,UA01120010000079122,Абрикосівська територіальна громада,0112001,1,linked
UA01,UA0112,UA01120030000034644,Амурська територіальна громада,0112003,1,linked
UA01,UA0112,UA01120050000065266,Войковська територіальна громада,0112005,1,linked
UA01,UA0112,UA01120070000057928,Восходненська територіальна громада,0112007,1,linked
UA01,UA0112,UA01120090000095623,Гвардійська територіальна громада,0112009,1,linked
UA01,UA0112,UA01120110000033787,Гришинська територіальна громада,0112011,1,linked
UA01,UA0112,UA01120130000039652,Зернівська територіальна громада,0112013,1,linked
UA01,UA0112,UA01120150000036675,Калінінська територіальна громада,0112015,1,linked
UA01,UA0112,UA01120170000016810,Калінінська територіальна громада,0112017,1,linked
UA01,UA0112,UA01120190000076422,Клепинінська територіальна громада,0112019,1,linked
UA01,UA0112,UA01120210000098819,Колодязянська територіальна громада,0112021,1,linked
UA01,UA0112,UA01120230000035243,Кормівська територіальна громада,0112023,1,linked
UA01,UA0112,UA01120250000088892,Котельниківська територіальна громада,0112025,1,linked
UA01,UA0112,UA01120270000085374,Красногвардійська територіальна громада,0112027,1,linked
UA01,UA0112,UA01120290000065834,Краснознам’янська територіальна громада,0112029,1,linked
UA01,UA0112,UA01120310000043492,Крестянівська територіальна громада,0112031,1,linked
UA01,UA0112,UA01120330000034700,Ленінська територіальна громада,0112033,1,linked
UA01,UA0112,UA01120350000099339,Мар’янівська територіальна громада,0112035,1,linked
UA01,UA0112,UA01120370000059657,Найдьонівська територіальна громада,0112037,1,linked
UA01,UA0112,UA01120390000018557,Новопокровська територіальна громада,0112039,1,linked
UA01,UA0112,UA01120410000015269,Октябрська територіальна громада,0112041,1,linked
UA01,UA0112,UA01120430000029864,Октябрська територіальна громада,0112043,1,linked
UA01,UA0112,UA01120450000086774,Олександрівська територіальна громада,0112045,1,linked
UA01,UA0112,UA01120470000018432,Олексіївська територіальна громада,0112047,1,linked
UA01,UA0112,UA01120490000019004,Островська територіальна громада,0112049,1,linked
UA01,UA0112,UA01120510000062733,П’ятихатська територіальна громада,0112051,1,linked
UA01,UA0112,UA01120530000036753,Первомайська територіальна громада,0112053,1,linked
UA01,UA0112,UA01120550000025973,Петрівська територіальна громада,0112055,1,linked
UA01,UA0112,UA01120570000080989,Полтавська територіальна громада,0112057,1,linked
UA01,UA0112,UA01120590000098165,Правдівська територіальна громада,0112059,1,linked
UA01,UA0112,UA01120610000042252,Рівнівська територіальна громада,0112061,1,linked
UA01,UA0112,UA01120630000081449,Сарибашівська територіальна громада,0112063,1,linked
UA01,UA0112,UA01120650000017606,Стахановська територіальна громада,0112065,1,linked
UA01,UA0112,UA01120670000055388,Степнівська територіальна громада,0112067,1,linked
UA01,UA0112,UA01120690000073011,Сусанінська територіальна громада,0112069,1,linked
UA01,UA0112,UA01120710000062117,Черновська територіальна громада,0112071,1,linked
UA01,UA0112,UA01120730000091001,Янтарненська територіальна громада,0112073,1,linked
UA01,UA0114,UA01140010000036312,Армянська територіальна громада,0114001,1,linked
UA01,UA0114,UA01140030000079824,Березівська територіальна громада,0114003,1,linked
UA01,UA0114,UA01140050000039329,Ботанічна територіальна громада,0114005,1,linked
UA01,UA0114,UA01140070000018308,Братська територіальна громада,0114007,1,linked
UA01,UA0114,UA01140090000087212,Вишнівська територіальна громада,0114009,1,linked
UA01,UA0114,UA01140110000014669,Воїнська територіальна громада,0114011,1,linked
UA01,UA0114,UA01140130000026981,Зиминська територіальна громада,0114013,1,linked
UA01,UA0114,UA01140150000038992,Іллінська територіальна громада,0114015,1,linked
UA01,UA0114,UA01140170000028225,Ішунська територіальна громада,0114017,1,linked
UA01,UA0114,UA01140190000072370,Ковильнівська територіальна громада,0114019,1,linked
UA01,UA0114,UA01140210000074823,Красноармійська територіальна громада,0114021,1,linked
UA01,UA0114,UA01140230000045556,Красноперекопська територіальна громада,0114023,1,linked
UA01,UA0114,UA01140250000078645,Кукушкінська територіальна громада,0114025,1,linked
UA01,UA0114,UA01140270000076608,Магазинська територіальна громада,0114027,1,linked
UA01,UA0114,UA01140290000079167,Новопавлівська територіальна громада,0114029,1,linked
UA01,UA0114,UA01140310000026915,Новоселівська територіальна громада,0114031,1,linked
UA01,UA0114,UA01140330000091055,Орлівська територіальна громада,0114033,1,linked
UA01,UA0114,UA01140350000069297,Почетненська територіальна громада,0114035,1,linked
UA01,UA0114,UA01140370000056734,Роздольненська територіальна громада,0114037,1,linked
UA01,UA0114,UA01140390000094724,Руч’ївська територіальна громада,0114039,1,linked
UA01,UA0114,UA01140410000056436,Серебрянська територіальна громада,0114041,1,linked
UA01,UA0114,UA01140430000075398,Славнівська територіальна громада,0114043,1,linked
UA01,UA0114,UA01140450000059831,Слов’янська територіальна громада,0114045,1,linked
UA01,UA0114,UA01140470000038664,Совхозненська територіальна громада,0114047,1,linked
UA01,UA0114,UA01140490000062402,Суворовська територіальна громада,0114049,1,linked
UA01,UA0114,UA01140510000012574,Філатівська територіальна громада,0114051,1,linked
UA01,UA0114,UA01140530000090597,Чернишівська територіальна громада,0114053,1,linked
UA01,UA0116,UA01160010000068510,Гвардійська територіальна громада,0116001,1,linked
UA01,UA0116,UA01160030000061374,Гресівська територіальна громада,0116003,1,linked
UA01,UA0116,UA01160050000040648,Добрівська територіальна громада,0116005,1,linked
UA01,UA0116,UA01160070000046566,Донська територіальна громада,0116007,1,linked
UA01,UA0116,UA01160090000041883,Журавлівська територіальна громада,0116009,1,linked
UA01,UA0116,UA01160110000089485,Кольчугинська територіальна громада,0116011,1,linked
UA01,UA0116,UA01160130000098965,Мазанська територіальна громада,0116013,1,linked
UA01,UA0116,UA01160150000023108,Миколаївська територіальна громада,0116015,1,linked
UA01,UA0116,UA01160170000019851,Мирнівська територіальна громада,0116017,1,linked
UA01,UA0116,UA01160190000061883,Молодіжненська територіальна громада,0116019,1,linked
UA01,UA0116,UA01160210000086615,Новоандріївська територіальна громада,0116021,1,linked
UA01,UA0116,UA01160230000038562,Новоселівська територіальна громада,0116023,1,linked
UA01,UA0116,UA01160250000058686,Первомайська територіальна громада,0116025,1,linked
UA01,UA0116,UA01160270000031825,Перовська територіальна громада,0116027,1,linked
UA01,UA0116,UA01160290000071845,Пожарська територіальна громада,0116029,1,linked
UA01,UA0116,UA01160310000040585,Родниківська територіальна громада,0116031,1,linked
UA01,UA0116,UA01160330000011827,Сімферопольська територіальна громада,0116033,1,linked
UA01,UA0116,UA01160350000093680,Скворцівська територіальна громада,0116035,1,linked
UA01,UA0116,UA01160370000090328,Трудівська територіальна громада,0116037,1,linked
UA01,UA0116,UA01160390000055803,Укромнівська територіальна громада,0116039,1,linked
UA01,UA0116,UA01160410000050379,Урожайнівська територіальна громада,0116041,1,linked
UA01,UA0116,UA01160430000017281,Чистенська територіальна громада,0116043,1,linked
UA01,UA0116,UA01160450000039927,Широківська територіальна громада,0116045,1,linked
UA01,UA0116,UA01160470000074732,Шкільненська територіальна громада,0116047,1,linked
UA01,UA0118,UA01180010000042297,Абрикосівська територіальна громада,0118001,1,linked
UA01,UA0118,UA01180030000066539,Берегова територіальна громада,0118003,1,linked
UA01,UA0118,UA01180050000061143,Веселівська територіальна громада,0118005,1,linked
UA01,UA0118,UA01180070000032242,Владиславівська територіальна громада,0118007,1,linked
UA01,UA0118,UA01180090000097181,Грушівська територіальна громада,0118009,1,linked
UA01,UA0118,UA01180110000051412,Дачнівська територіальна громада,0118011,1,linked
UA01,UA0118,UA01180130000036996,Дмитрівська територіальна громада,0118013,1,linked
UA01,UA0118,UA01180150000021839,Журавська територіальна громада,0118015,1,linked
UA01,UA0118,UA01180170000035144,Завітненська територіальна громада,0118017,1,linked
UA01,UA0118,UA01180190000061627,Золотополенська територіальна громада,0118019,1,linked
UA01,UA0118,UA01180210000051057,Іллічівська територіальна громада,0118021,1,linked
UA01,UA0118,UA01180230000030762,Кіровська територіальна громада,0118023,1,linked
UA01,UA0118,UA01180250000081725,Коктебельська територіальна громада,0118025,1,linked
UA01,UA0118,UA01180270000013129,Красногвардійська територіальна громада,0118027,1,linked
UA01,UA0118,UA01180290000010395,Краснофлотська територіальна громада,0118029,1,linked
UA01,UA0118,UA01180310000020688,Льговська територіальна громада,0118031,1,linked
UA01,UA0118,UA01180330000036926,Міжріченська територіальна громада,0118033,1,linked
UA01,UA0118,UA01180350000095618,Морська територіальна громада,0118035,1,linked
UA01,UA0118,UA01180370000034421,Насипнівська територіальна громада,0118037,1,linked
UA01,UA0118,UA01180390000031143,Некрасовська територіальна громада,0118039,1,linked
UA01,UA0118,UA01180410000057615,Новосвітська територіальна громада,0118041,1,linked
UA01,UA0118,UA01180430000032666,Орджонікідзевська територіальна громада,0118043,1,linked
UA01,UA0118,UA01180450000076517,Партизанська територіальна громада,0118045,1,linked
UA01,UA0118,UA01180470000087181,Первомайська територіальна громада,0118047,1,linked
UA01,UA0118,UA01180490000091735,Привітненська територіальна громада,0118049,1,linked
UA01,UA0118,UA01180510000076308,Приморська територіальна громада,0118051,1,linked
UA01,UA0118,UA01180530000069956,Прудівська територіальна громада,0118053,1,linked
UA01,UA0118,UA01180550000071757,Пушкінська територіальна громада,0118055,1,linked
UA01,UA0118,UA01180570000091536,Синицинська територіальна громада,0118057,1,linked
UA01,UA0118,UA01180590000011405,Совєтська територіальна громада,0118059,1,linked
UA01,UA0118,UA01180610000060531,Сонячнодолинська територіальна громада,0118061,1,linked
UA01,UA0118,UA01180630000073741,Старокримська територіальна громада,0118063,1,linked
UA01,UA0118,UA01180650000087957,Судацька територіальна громада,0118065,1,linked
UA01,UA0118,UA01180670000071873,Токарєвська територіальна громада,0118067,1,linked
UA01,UA0118,UA01180690000019957,Урожайнівська територіальна громада,0118069,1,linked
UA01,UA0118,UA01180710000095057,Феодосійська територіальна громада,0118071,1,linked
UA01,UA0118,UA01180730000073676,Чапаєвська територіальна громада,0118073,1,linked
UA01,UA0118,UA01180750000034054,Чорноземненська територіальна громада,0118075,1,linked
UA01,UA0118,UA01180770000034480,Щебетовська територіальна громада,0118077,1,linked
UA01,UA0118,UA01180790000028395,Яркополенська територіальна громада,0118079,1,linked
UA01,UA0120,UA01200010000060498,Алупкинська територіальна громада,0120001,1,linked
UA01,UA0120,UA01200030000060465,Алуштинська територіальна громада,0120003,1,linked
UA01,UA0120,UA01200050000052240,Гаспринська територіальна громада,0120005,1,linked
UA01,UA0120,UA01200070000069794,Гурзуфська територіальна громада,0120007,1,linked
UA01,UA0120,UA01200090000032958,Ізобільненська територіальна громада,0120009,1,linked
UA01,UA0120,UA01200110000052477,Кореїзька територіальна громада,0120011,1,linked
UA01,UA0120,UA01200130000046862,Лівадійська територіальна громада,0120013,1,linked
UA01,UA0120,UA01200150000013797,Лучистівська територіальна громада,0120015,1,linked
UA01,UA0120,UA01200170000021064,Маломаяцька територіальна громада,0120017,1,linked
UA01,UA0120,UA01200190000067573,Малоріченська територіальна громада,0120019,1,linked
UA01,UA0120,UA01200210000057415,Масандрівська територіальна громада,0120021,1,linked
UA01,UA0120,UA01200230000040659,Партенітська територіальна громада,0120023,1,linked
UA01,UA0120,UA01200250000065451,Привітненська територіальна громада,0120025,1,linked
UA01,UA0120,UA01200270000050248,Сімеїзька територіальна громада,0120027,1,linked
UA01,UA0120,UA01200290000033277,Фороська територіальна громада,0120029,1,linked
UA01,UA0120,UA01200310000097903,Ялтинська територіальна громада,0120031,1,linked
UA05,UA0502,UA05020010000053508,Агрономічна територіальна громада,0502001,1,linked
UA05,UA0502,UA05020030000031457,Вінницька територіальна громада,0502003,1,linked
UA05,UA0502,UA05020050000066991,Вороновицька територіальна громада,0502005,1,linked
UA05,UA0502,UA05020070000010139,Гніванська територіальна громада,0502007,1,linked
UA05,UA0502,UA05020090000067118,Іллінецька територіальна громада,0502009,1,linked
UA05,UA0502,UA05020110000052014,Липовецька територіальна громада,0502011,1,linked
UA05,UA0502,UA05020130000056031,Літинська територіальна громада,0502013,1,linked
UA05,UA0502,UA05020150000074651,Лука-Мелешківська територіальна громада,0502015,1,linked
UA05,UA0502,UA05020170000049432,Немирівська територіальна громада,0502017,1,linked
UA05,UA0502,UA05020190000015755,Оратівська територіальна громада,0502019,1,linked
UA05,UA0502,UA05020210000033427,Погребищенська територіальна громада,0502021,1,linked
UA05,UA0502,UA05020230000029909,Стрижавська територіальна громада,0502023,1,linked
UA05,UA0502,UA05020250000055470,Сутисківська територіальна громада,0502025,1,linked
UA05,UA0502,UA05020270000044358,Тиврівська територіальна громада,0502027,1,linked
UA05,UA0502,UA05020290000092626,Турбівська територіальна громада,0502029,1,linked
UA05,UA0502,UA05020310000080026,Якушинецька територіальна громада,0502031,1,linked
UA05,UA0504,UA05040010000022470,Бершадська територіальна громада,0504001,1,linked
UA05,UA0504,UA05040030000050131,Гайсинська територіальна громада,0504003,1,linked
UA05,UA0504,UA05040050000080930,Дашівська територіальна громада,0504005,1,linked
UA05,UA0504,UA05040070000093188,Джулинська територіальна громада,0504007,1,linked
UA05,UA0504,UA05040090000093950,Краснопільська територіальна громада,0504009,1,linked
UA05,UA0504,UA05040110000042036,Кунківська територіальна громада,0504011,1,linked
UA05,UA0504,UA05040130000025322,Ладижинська територіальна громада,0504013,1,linked
UA05,UA0504,UA05040150000077146,Ободівська територіальна громада,0504015,1,linked
UA05,UA0504,UA05040170000093514,Ольгопільська територіальна громада,0504017,1,linked
UA05,UA0504,UA05040190000039450,Райгородська територіальна громада,0504019,1,linked
UA05,UA0504,UA05040210000068217,Соболівська територіальна громада,0504021,1,linked
UA05,UA0504,UA05040230000017028,Теплицька територіальна громада,0504023,1,linked
UA05,UA0504,UA05040250000027965,Тростянецька територіальна громада,0504025,1,linked
UA05,UA0504,UA05040270000051651,Чечельницька територіальна громада,0504027,1,linked
UA05,UA0506,UA05060010000053179,Барська територіальна громада,0506001,1,linked
UA05,UA0506,UA05060030000026125,Джуринська територіальна громада,0506003,1,linked
UA05,UA0506,UA05060050000058111,Жмеринська територіальна громада,0506005,1,linked
UA05,UA0506,UA05060070000012952,Копайгородська територіальна громада,0506007,1,linked
UA05,UA0506,UA05060090000058521,Мурафська територіальна громада,0506009,1,linked
UA05,UA0506,UA05060110000027268,Северинівська територіальна громада,0506011,1,linked
UA05,UA0506,UA05060130000030729,Станіславчицька територіальна громада,0506013,1,linked
UA05,UA0506,UA05060150000094411,Шаргородська територіальна громада,0506015,1,linked
UA05,UA0508,UA05080010000038400,Бабчинецька територіальна громада,0508001,1,linked
UA05,UA0508,UA05080030000089348,Вендичанська територіальна громада,0508003,1,linked
UA05,UA0508,UA05080050000023603,Могилів-Подільська територіальна громада,0508005,1,linked
UA05,UA0508,UA05080070000010150,Мурованокуриловецька територіальна громада,0508007,1,linked
UA05,UA0508,UA05080090000089922,Чернівецька територіальна громада,0508009,1,linked
UA05,UA0508,UA05080110000056824,Ямпільська територіальна громада,0508011,1,linked
UA05,UA0508,UA05080130000024964,Яришівська територіальна громада,0508013,1,linked
UA05,UA0510,UA05100010000023453,Брацлавська територіальна громада,0510001,1,linked
UA05,UA0510,UA05100030000051497,Вапнярська територіальна громада,0510003,1,linked
UA05,UA0510,UA05100050000038768,Городківська територіальна громада,0510005,1,linked
UA05,UA0510,UA05100070000035159,Крижопільська територіальна громада,0510007,1,linked
UA05,UA0510,UA05100090000029847,Піщанська територіальна громада,0510009,1,linked
UA05,UA0510,UA05100110000070795,Студенянська територіальна громада,0510011,1,linked
UA05,UA0510,UA05100130000061386,Томашпільська територіальна громада,0510013,1,linked
UA05,UA0510,UA05100150000050790,Тульчинська територіальна громада,0510015,1,linked
UA05,UA0510,UA05100170000071290,Шпиківська територіальна громада,0510017,1,linked
UA05,UA0512,UA05120010000076685,Глуховецька територіальна громада,0512001,1,linked
UA05,UA0512,UA05120030000061384,Жданівська територіальна громада,0512003,1,linked
UA05,UA0512,UA05120050000063063,Іванівська територіальна громада,0512005,1,linked
UA05,UA0512,UA05120070000075759,Калинівська територіальна громада,0512007,1,linked
UA05,UA0512,UA05120090000060589,Козятинська територіальна громада,0512009,1,linked
UA05,UA0512,UA05120110000018679,Махнівська територіальна громада,0512011,1,linked
UA05,UA0512,UA05120130000014261,Самгородоцька територіальна громада,0512013,1,linked
UA05,UA0512,UA05120150000069474,Уланівська територіальна громада,0512015,1,linked
UA05,UA0512,UA05120170000013778,Хмільницька територіальна громада,0512017,1,linked
UA07,UA0702,UA07020010000096841,Володимир-Волинська територіальна громада,0702001,1,linked
UA07,UA0702,UA07020030000052032,Затурцівська територіальна громада,0702003,1,linked
UA07,UA0702,UA07020050000082369,Зимнівська територіальна громада,0702005,1,linked
UA07,UA0702,UA07020070000082628,Іваничівська територіальна громада,0702007,1,linked
UA07,UA0702,UA07020090000019505,Литовезька територіальна громада,0702009,1,linked
UA07,UA0702,UA07020110000037373,Локачинська територіальна громада,0702011,1,linked
UA07,UA0702,UA07020130000036300,Нововолинська територіальна громада,0702013,1,linked
UA07,UA0702,UA07020150000092012,Оваднівська територіальна громада,0702015,1,linked
UA07,UA0702,UA07020170000049971,Павлівська територіальна громада,0702017,1,linked
UA07,UA0702,UA07020190000043658,Поромівська територіальна громада,0702019,1,linked
UA07,UA0702,UA07020210000033081,Устилузька територіальна громада,0702021,1,linked
UA07,UA0704,UA07040010000033507,Камінь-Каширська територіальна громада,0704001,1,linked
UA07,UA0704,UA07040030000028082,Любешівська територіальна громада,0704003,1,linked
UA07,UA0704,UA07040050000080830,Маневицька територіальна громада,0704005,1,linked
UA07,UA0704,UA07040070000058434,Прилісненська територіальна громада,0704007,1,linked
UA07,UA0704,UA07040090000043197,Сошичненська територіальна громада,0704009,1,linked
UA07,UA0706,UA07060010000090019,Велимченська територіальна громада,0706001,1,linked
UA07,UA0706,UA07060030000041840,Велицька територіальна громада,0706003,1,linked
UA07,UA0706,UA07060050000091514,Вишнівська територіальна громада,0706005,1,linked
UA07,UA0706,UA07060070000063773,Голобська територіальна громада,0706007,1,linked
UA07,UA0706,UA07060090000026043,Головненська територіальна громада,0706009,1,linked
UA07,UA0706,UA07060110000041168,Дубечненська територіальна громада,0706011,1,linked
UA07,UA0706,UA07060130000030797,Дубівська територіальна громада,0706013,1,linked
UA07,UA0706,UA07060150000038564,Заболоттівська територіальна громада,0706015,1,linked
UA07,UA0706,UA07060170000059479,Забродівська територіальна громада,0706017,1,linked
UA07,UA0706,UA07060190000036342,Ковельська територіальна громада,0706019,1,linked
UA07,UA0706,UA07060210000030014,Колодяжненська територіальна громада,0706021,1,linked
UA07,UA0706,UA07060230000029166,Луківська територіальна громада,0706023,1,linked
UA07,UA0706,UA07060250000039902,Люблинецька територіальна громада,0706025,1,linked
UA07,UA0706,UA07060270000021892,Любомльська територіальна громада,0706027,1,linked
UA07,UA0706,UA07060290000054842,Поворська територіальна громада,0706029,1,linked
UA07,UA0706,UA07060310000037369,Ратнівська територіальна громада,0706031,1,linked
UA07,UA0706,UA07060330000052414,Рівненська територіальна громада,0706033,1,linked
UA07,UA0706,UA07060350000084520,Самарівська територіальна громада,0706035,1,linked
UA07,UA0706,UA07060370000022360,Сереховичівська територіальна громада,0706037,1,linked
UA07,UA0706,UA07060390000098670,Смідинська територіальна громада,0706039,1,linked
UA07,UA0706,UA07060410000041366,Старовижівська територіальна громада,0706041,1,linked
UA07,UA0706,UA07060430000041345,Турійська територіальна громада,0706043,1,linked
UA07,UA0706,UA07060450000051170,Шацька територіальна громада,0706045,1,linked
UA07,UA0708,UA07080010000062933,Берестечківська територіальна громада,0708001,1,linked
UA07,UA0708,UA07080030000051738,Боратинська територіальна громада,0708003,1,linked
UA07,UA0708,UA07080050000014573,Городищенська територіальна громада,0708005,1,linked
UA07,UA0708,UA07080070000052255,Горохівська територіальна громада,0708007,1,linked
UA07,UA0708,UA07080090000017614,Доросинівська територіальна громада,0708009,1,linked
UA07,UA0708,UA07080110000043895,Ківерцівська територіальна громада,0708011,1,linked
UA07,UA0708,UA07080130000017070,Колківська територіальна громада,0708013,1,linked
UA07,UA0708,UA07080150000089103,Копачівська територіальна громада,0708015,1,linked
UA07,UA0708,UA07080170000013585,Луцька територіальна громада,0708017,1,linked
UA07,UA0708,UA07080190000072811,Мар’янівська територіальна громада,0708019,1,linked
UA07,UA0708,UA07080210000090779,Олицька територіальна громада,0708021,1,linked
UA07,UA0708,UA07080230000046097,Підгайцівська територіальна громада,0708023,1,linked
UA07,UA0708,UA07080250000053335,Рожищенська територіальна громада,0708025,1,linked
UA07,UA0708,UA07080270000067148,Торчинська територіальна громада,0708027,1,linked
UA07,UA0708,UA07080290000088287,Цуманська територіальна громада,0708029,1,linked
UA12,UA1202,UA12020010000033698,Дніпровська територіальна громада,1202001,1,linked
UA12,UA1202,UA12020030000073022,Китайгородська територіальна громада,1202003,1,linked
UA12,UA1202,UA12020050000026654,Любимівська територіальна громада,1202005,1,linked
UA12,UA1202,UA12020070000057092,Ляшківська територіальна громада,1202007,1,linked
UA12,UA1202,UA12020090000044548,Миколаївська територіальна громада,1202009,1,linked
UA12,UA1202,UA12020110000034205,Могилівська територіальна громада,1202011,1,linked
UA12,UA1202,UA12020130000022909,Новоолександрівська територіальна громада,1202013,1,linked
UA12,UA1202,UA12020150000050274,Новопокровська територіальна громада,1202015,1,linked
UA12,UA1202,UA12020170000068526,Обухівська територіальна громада,1202017,1,linked
UA12,UA1202,UA12020190000075117,Петриківська територіальна громада,1202019,1,linked
UA12,UA1202,UA12020210000032285,Підгородненська територіальна громада,1202021,1,linked
UA12,UA1202,UA12020230000085693,Святовасилівська територіальна громада,1202023,1,linked
UA12,UA1202,UA12020250000010438,Слобожанська територіальна громада,1202025,1,linked
UA12,UA1202,UA12020270000063450,Солонянська територіальна громада,1202027,1,linked
UA12,UA1202,UA12020290000063321,Сурсько-Литовська територіальна громада,1202029,1,linked
UA12,UA1202,UA12020310000017431,Царичанська територіальна громада,1202031,1,linked
UA12,UA1202,UA12020330000076598,Чумаківська територіальна громада,1202033,1,linked
UA12,UA1204,UA12040010000018960,Божедарівська територіальна громада,1204001,1,linked
UA12,UA1204,UA12040030000066040,Верхівцівська територіальна громада,1204003,1,linked
UA12,UA1204,UA12040050000057182,Верхньодніпровська територіальна громада,1204005,1,linked
UA12,UA1204,UA12040070000083117,Вишнівська територіальна громада,1204007,1,linked
UA12,UA1204,UA12040090000029346,Вільногірська територіальна громада,1204009,1,linked
UA12,UA1204,UA12040110000091524,Жовтоводська територіальна громада,1204011,1,linked
UA12,UA1204,UA12040130000037856,Затишнянська територіальна громада,1204013,1,linked
UA12,UA1204,UA12040150000015189,Кам’янська територіальна громада,1204015,1,linked
UA12,UA1204,UA12040170000019083,Криничанська територіальна громада,1204017,1,linked
UA12,UA1204,UA12040190000056469,Лихівська територіальна громада,1204019,1,linked
UA12,UA1204,UA12040210000039759,П’ятихатська територіальна громада,1204021,1,linked
UA12,UA1204,UA12040230000099388,Саксаганська територіальна громада,1204023,1,linked
UA12,UA1206,UA12060010000090992,Апостолівська територіальна громада,1206001,1,linked
UA12,UA1206,UA12060030000081794,Вакулівська територіальна громада,1206003,1,linked
UA12,UA1206,UA12060050000031212,Глеюватська територіальна громада,1206005,1,linked
UA12,UA1206,UA12060070000012840,Гречаноподівська територіальна громада,1206007,1,linked
UA12,UA1206,UA12060090000074553,Грушівська територіальна громада,1206009,1,linked
UA12,UA1206,UA12060110000015305,Девладівська територіальна громада,1206011,1,linked
UA12,UA1206,UA12060130000012028,Зеленодольська територіальна громада,1206013,1,linked
UA12,UA1206,UA12060150000015198,Карпівська територіальна громада,1206015,1,linked
UA12,UA1206,UA12060170000091033,Криворізька територіальна громада,1206017,1,linked
UA12,UA1206,UA12060190000043514,Лозуватська територіальна громада,1206019,1,linked
UA12,UA1206,UA12060210000077302,Нивотрудівська територіальна громада,1206021,1,linked
UA12,UA1206,UA12060230000032833,Новолатівська територіальна громада,1206023,1,linked
UA12,UA1206,UA12060250000064393,Новопільська територіальна громада,1206025,1,linked
UA12,UA1206,UA12060270000017282,Софіївська територіальна громада,1206027,1,linked
UA12,UA1206,UA12060290000039013,Широківська територіальна громада,1206029,1,linked
UA12,UA1208,UA12080010000029838,Марганецька територіальна громада,1208001,1,linked
UA12,UA1208,UA12080030000022466,Мирівська територіальна громада,1208003,1,linked
UA12,UA1208,UA12080050000062712,Нікопольська територіальна громада,1208005,1,linked
UA12,UA1208,UA12080070000077032,Першотравневська територіальна громада,1208007,1,linked
UA12,UA1208,UA12080090000039979,Покровська територіальна громада,1208009,1,linked
UA12,UA1208,UA12080110000055958,Покровська територіальна громада,1208011,1,linked
UA12,UA1208,UA12080130000071360,Томаківська територіальна громада,1208013,1,linked
UA12,UA1208,UA12080150000061416,Червоногригорівська територіальна громада,1208015,1,linked
UA12,UA1210,UA12100010000093577,Губиниська територіальна громада,1210001,1,linked
UA12,UA1210,UA12100030000084605,Личківська територіальна громада,1210003,1,linked
UA12,UA1210,UA12100050000045992,Магдалинівська територіальна громада,1210005,1,linked
UA12,UA1210,UA12100070000011492,Новомосковська територіальна громада,1210007,1,linked
UA12,UA1210,UA12100090000022751,Перещепинська територіальна громада,1210009,1,linked
UA12,UA1210,UA12100110000043499,Піщанська територіальна громада,1210011,1,linked
UA12,UA1210,UA12100130000095653,Черкаська територіальна громада,1210013,1,linked
UA12,UA1210,UA12100150000039396,Чернеччинська територіальна громада,1210015,1,linked
UA12,UA1212,UA12120010000087180,Богданівська територіальна громада,1212001,1,linked
UA12,UA1212,UA12120030000075687,Вербківська територіальна громада,1212003,1,linked
UA12,UA1212,UA12120050000027007,Межиріцька територіальна громада,1212005,1,linked
UA12,UA1212,UA12120070000057518,Павлоградська територіальна громада,1212007,1,linked
UA12,UA1212,UA12120090000031622,Тернівська територіальна громада,1212009,1,linked
UA12,UA1212,UA12120110000010894,Троїцька територіальна громада,1212011,1,linked
UA12,UA1212,UA12120130000021632,Юр’ївська територіальна громада,1212013,1,linked
UA12,UA1214,UA12140010000024967,Брагинівська територіальна громада,1214001,1,linked
UA12,UA1214,UA12140030000091432,Васильківська територіальна громада,1214003,1,linked
UA12,UA1214,UA12140050000051356,Великомихайлівська територіальна громада,1214005,1,linked
UA12,UA1214,UA12140070000025486,Дубовиківська територіальна громада,1214007,1,linked
UA12,UA1214,UA12140090000053443,Зайцівська територіальна громада,1214009,1,linked
UA12,UA1214,UA12140110000060935,Іларіонівська територіальна громада,1214011,1,linked
UA12,UA1214,UA12140130000052990,Маломихайлівська територіальна громада,1214013,1,linked
UA12,UA1214,UA12140150000054570,Межівська територіальна громада,1214015,1,linked
UA12,UA1214,UA12140170000037152,Миколаївська територіальна громада,1214017,1,linked
UA12,UA1214,UA12140190000047361,Новопавлівська територіальна громада,1214019,1,linked
UA12,UA1214,UA12140210000089021,Першотравенська територіальна громада,1214021,1,linked
UA12,UA1214,UA12140230000057328,Петропавлівська територіальна громада,1214023,1,linked
UA12,UA1214,UA12140250000015858,Покровська територіальна громада,1214025,1,linked
UA12,UA1214,UA12140270000072109,Раївська територіальна громада,1214027,1,linked
UA12,UA1214,UA12140290000032227,Роздорська територіальна громада,1214029,1,linked
UA12,UA1214,UA12140310000078816,Синельниківська територіальна громада,1214031,1,linked
UA12,UA1214,UA12140330000063909,Славгородська територіальна громада,1214033,1,linked
UA12,UA1214,UA12140350000058140,Слов’янська територіальна громада,1214035,1,linked
UA12,UA1214,UA12140370000059352,Українська територіальна громада,1214037,1,linked
UA14,UA1402,UA14020010000088496,Бахмутська територіальна громада,1402001,1,linked
UA14,UA1402,UA14020030000023064,Званівська територіальна громада,1402003,1,linked
UA14,UA1402,UA14020050000019803,Світлодарська територіальна громада,1402005,1,linked
UA14,UA1402,UA14020070000070354,Сіверська територіальна громада,1402007,1,linked
UA14,UA1402,UA14020090000073988,Соледарська територіальна громада,1402009,1,linked
UA14,UA1402,UA14020110000075529,Торецька територіальна громада,1402011,1,linked
UA14,UA1402,UA14020130000080900,Часовоярська територіальна громада,1402013,1,linked
UA14,UA1404,UA14040010000017239,Великоновосілківська територіальна громада,1404001,1,linked
UA14,UA1404,UA14040030000025138,Волноваська територіальна громада,1404003,1,linked
UA14,UA1404,UA14040050000064688,Вугледарська територіальна громада,1404005,1,linked
UA14,UA1404,UA14040070000032181,Комарська територіальна громада,1404007,1,linked
UA14,UA1404,UA14040090000061195,Мирненська територіальна громада,1404009,1,linked
UA14,UA1404,UA14040110000019914,Ольгинська територіальна громада,1404011,1,linked
UA14,UA1404,UA14040130000068575,Старомлинівська територіальна громада,1404013,1,linked
UA14,UA1404,UA14040150000099558,Хлібодарівська територіальна громада,1404015,1,linked
UA14,UA1406,UA14060010000010738,Вуглегірська територіальна громада,1406001,1,linked
UA14,UA1406,UA14060030000084305,Горлівська територіальна громада,1406003,1,linked
UA14,UA1406,UA14060050000034979,Дебальцівська територіальна громада,1406005,1,linked
UA14,UA1406,UA14060070000066382,Єнакієвська територіальна громада,1406007,1,linked
UA14,UA1406,UA14060090000054042,Жданівська територіальна громада,1406009,1,linked
UA14,UA1406,UA14060110000052135,Сніжнянська територіальна громада,1406011,1,linked
UA14,UA1406,UA14060130000085167,Хрестівська територіальна громада,1406013,1,linked
UA14,UA1406,UA14060150000032950,Чистяківська територіальна громада,1406015,1,linked
UA14,UA1406,UA14060170000097532,Шахтарська територіальна громада,1406017,1,linked
UA14,UA1408,UA14080010000095044,Амвросіївська територіальна громада,1408001,1,linked
UA14,UA1408,UA14080030000053877,Донецька територіальна громада,1408003,1,linked
UA14,UA1408,UA14080050000085820,Іловайська територіальна громада,1408005,1,linked
UA14,UA1408,UA14080070000011977,Макіївська територіальна громада,1408007,1,linked
UA14,UA1408,UA14080090000014360,Харцизька територіальна громада,1408009,1,linked
UA14,UA1408,UA14080110000066209,Ясинуватська територіальна громада,1408011,1,linked
UA14,UA1410,UA14100010000054669,Бойківська територіальна громада,1410001,1,linked
UA14,UA1410,UA14100030000067479,Докучаєвська територіальна громада,1410003,1,linked
UA14,UA1410,UA14100050000098906,Кальміуська територіальна громада,1410005,1,linked
UA14,UA1410,UA14100070000079873,Новоазовська територіальна громада,1410007,1,linked
UA14,UA1410,UA14100090000050286,Старобешівська територіальна громада,1410009,1,linked
UA14,UA1412,UA14120010000096882,Андріївська територіальна громада,1412001,1,linked
UA14,UA1412,UA14120030000057882,Дружківська територіальна громада,1412003,1,linked
UA14,UA1412,UA14120050000033910,Іллінівська територіальна громада,1412005,1,linked
UA14,UA1412,UA14120070000090878,Костянтинівська територіальна громада,1412007,1,linked
UA14,UA1412,UA14120090000098500,Краматорська територіальна громада,1412009,1,linked
UA14,UA1412,UA14120110000031497,Лиманська територіальна громада,1412011,1,linked
UA14,UA1412,UA14120130000086767,Миколаївська територіальна громада,1412013,1,linked
UA14,UA1412,UA14120150000071686,Новодонецька територіальна громада,1412015,1,linked
UA14,UA1412,UA14120170000011133,Олександрівська територіальна громада,1412017,1,linked
UA14,UA1412,UA14120190000021407,Святогірська територіальна громада,1412019,1,linked
UA14,UA1412,UA14120210000056793,Слов’янська територіальна громада,1412021,1,linked
UA14,UA1412,UA14120230000038918,Черкаська територіальна громада,1412023,1,linked
UA14,UA1414,UA14140010000044623,Кальчицька територіальна громада,1414001,1,linked
UA14,UA1414,UA14140030000092230,Мангушська територіальна громада,1414003,1,linked
UA14,UA1414,UA14140050000020560,Маріупольська територіальна громада,1414005,1,linked
UA14,UA1414,UA14140070000060361,Нікольська територіальна громада,1414007,1,linked
UA14,UA1414,UA14140090000015932,Сартанська територіальна громада,1414009,1,linked
UA14,UA1416,UA14160010000086090,Авдіївська територіальна громада,1416001,1,linked
UA14,UA1416,UA14160030000019136,Білозерська територіальна громада,1416003,1,linked
UA14,UA1416,UA14160050000083011,Гродівська територіальна громада,1416005,1,linked
UA14,UA1416,UA14160070000097326,Добропільська територіальна громада,1416007,1,linked
UA14,UA1416,UA14160090000058463,Криворізька територіальна громада,1416009,1,linked
UA14,UA1416,UA14160110000031920,Курахівська територіальна громада,1416011,1,linked
UA14,UA1416,UA14160130000011561,Мар’їнська територіальна громада,1416013,1,linked
UA14,UA1416,UA14160150000038750,Мирноградська територіальна громада,1416015,1,linked
UA14,UA1416,UA14160170000023385,Новогродівська територіальна громада,1416017,1,linked
UA14,UA1416,UA14160190000059231,Очеретинська територіальна громада,1416019,1,linked
UA14,UA1416,UA14160210000011148,Покровська територіальна громада,1416021,1,linked
UA14,UA1416,UA14160230000060952,Селидівська територіальна громада,1416023,1,linked
UA14,UA1416,UA14160250000075646,Удачненська територіальна громада,1416025,1,linked
UA14,UA1416,UA14160270000099007,Шахівська територіальна громада,1416027,1,linked
UA18,UA1802,UA18020010000059904,Андрушівська територіальна громада,1802001,1,linked
UA18,UA1802,UA18020030000035625,Бердичівська територіальна громада,1802003,1,linked
UA18,UA1802,UA18020050000058053,Вчорайшенська територіальна громада,1802005,1,linked
UA18,UA1802,UA18020070000083539,Гришковецька територіальна громада,1802007,1,linked
UA18,UA1802,UA18020090000092001,Краснопільська територіальна громада,1802009,1,linked
UA18,UA1802,UA18020110000026941,Райгородоцька територіальна громада,1802011,1,linked
UA18,UA1802,UA18020130000096761,Ружинська територіальна громада,1802013,1,linked
UA18,UA1802,UA18020150000084693,Семенівська територіальна громада,1802015,1,linked
UA18,UA1802,UA18020170000036711,Червоненська територіальна громада,1802017,1,linked
UA18,UA1802,UA18020190000022756,Швайківська територіальна громада,1802019,1,linked
UA18,UA1804,UA18040010000031446,Андрушківська територіальна громада,1804001,1,linked
UA18,UA1804,UA18040030000089649,Березівська територіальна громада,1804003,1,linked
UA18,UA1804,UA18040050000049937,Брусилівська територіальна громада,1804005,1,linked
UA18,UA1804,UA18040070000059677,Високівська територіальна громада,1804007,1,linked
UA18,UA1804,UA18040090000077574,Вишевицька територіальна громада,1804009,1,linked
UA18,UA1804,UA18040110000034222,Вільшанська територіальна громада,1804011,1,linked
UA18,UA1804,UA18040130000075048,Волицька територіальна громада,1804013,1,linked
UA18,UA1804,UA18040150000019024,Глибочицька територіальна громада,1804015,1,linked
UA18,UA1804,UA18040170000089964,Городоцька територіальна громада,1804017,1,linked
UA18,UA1804,UA18040190000029215,Житомирська територіальна громада,1804019,1,linked
UA18,UA1804,UA18040210000044466,Квітнева територіальна громада,1804021,1,linked
UA18,UA1804,UA18040230000036046,Корнинська територіальна громада,1804023,1,linked
UA18,UA1804,UA18040250000068141,Коростишівська територіальна громада,1804025,1,linked
UA18,UA1804,UA18040270000050167,Курненська територіальна громада,1804027,1,linked
UA18,UA1804,UA18040290000063354,Любарська територіальна громада,1804029,1,linked
UA18,UA1804,UA18040310000093693,Миропільська територіальна громада,1804031,1,linked
UA18,UA1804,UA18040330000027310,Новоборівська територіальна громада,1804033,1,linked
UA18,UA1804,UA18040350000040746,Новогуйвинська територіальна громада,1804035,1,linked
UA18,UA1804,UA18040370000055940,Оліївська територіальна громада,1804037,1,linked
UA18,UA1804,UA18040390000055900,Попільнянська територіальна громада,1804039,1,linked
UA18,UA1804,UA18040410000025491,Потіївська територіальна громада,1804041,1,linked
UA18,UA1804,UA18040430000080827,Пулинська територіальна громада,1804043,1,linked
UA18,UA1804,UA18040450000079138,Радомишльська територіальна громада,1804045,1,linked
UA18,UA1804,UA18040470000074046,Романівська територіальна громада,1804047,1,linked
UA18,UA1804,UA18040490000014752,Станишівська територіальна громада,1804049,1,linked
UA18,UA1804,UA18040510000013419,Старосілецька територіальна громада,1804051,1,linked
UA18,UA1804,UA18040530000045696,Тетерівська територіальна громада,1804053,1,linked
UA18,UA1804,UA18040550000062361,Харитонівська територіальна громада,1804055,1,linked
UA18,UA1804,UA18040570000099817,Хорошівська територіальна громада,1804057,1,linked
UA18,UA1804,UA18040590000064402,Черняхівська територіальна громада,1804059,1,linked
UA18,UA1804,UA18040610000049084,Чуднівська територіальна громада,1804061,1,linked
UA18,UA1806,UA18060010000047628,Білокоровицька територіальна громада,1806001,1,linked
UA18,UA1806,UA18060030000039943,Гладковицька територіальна громада,1806003,1,linked
UA18,UA1806,UA18060050000027575,Горщиківська територіальна громада,1806005,1,linked
UA18,UA1806,UA18060070000095797,Іршанська територіальна громада,1806007,1,linked
UA18,UA1806,UA18060090000061708,Коростенська територіальна громада,1806009,1,linked
UA18,UA1806,UA18060110000061631,Лугинська територіальна громада,1806011,1,linked
UA18,UA1806,UA18060130000061781,Малинська територіальна громада,1806013,1,linked
UA18,UA1806,UA18060150000038188,Народицька територіальна громада,1806015,1,linked
UA18,UA1806,UA18060170000069581,Овруцька територіальна громада,1806017,1,linked
UA18,UA1806,UA18060190000071101,Олевська територіальна громада,1806019,1,linked
UA18,UA1806,UA18060210000083283,Словечанська територіальна громада,1806021,1,linked
UA18,UA1806,UA18060230000071114,Ушомирська територіальна громада,1806023,1,linked
UA18,UA1806,UA18060250000078729,Чоповицька територіальна громада,1806025,1,linked
UA18,UA1808,UA18080010000090720,Баранівська територіальна громада,1808001,1,linked
UA18,UA1808,UA18080030000019784,Барашівська територіальна громада,1808003,1,linked
UA18,UA1808,UA18080050000083590,Брониківська територіальна громада,1808005,1,linked
UA18,UA1808,UA18080070000029133,Городницька територіальна громада,1808007,1,linked
UA18,UA1808,UA18080090000055832,Довбиська територіальна громада,1808009,1,linked
UA18,UA1808,UA18080110000095378,Дубрівська територіальна громада,1808011,1,linked
UA18,UA1808,UA18080130000032098,Ємільчинська територіальна громада,1808013,1,linked
UA18,UA1808,UA18080150000022496,Новоград-Волинська територіальна громада,1808015,1,linked
UA18,UA1808,UA18080170000023999,Піщівська територіальна громада,1808017,1,linked
UA18,UA1808,UA18080190000029932,Стриївська територіальна громада,1808019,1,linked
UA18,UA1808,UA18080210000038722,Чижівська територіальна громада,1808021,1,linked
UA18,UA1808,UA18080230000071226,Ярунська територіальна громада,1808023,1,linked
UA21,UA2102,UA21020010000055068,Батівська територіальна громада,2102001,1,linked
UA21,UA2102,UA21020030000019624,Берегівська територіальна громада,2102003,1,linked
UA21,UA2102,UA21020050000065800,Великоберезька територіальна громада,2102005,1,linked
UA21,UA2102,UA21020070000015036,Великобийганська територіальна громада,2102007,1,linked
UA21,UA2102,UA21020090000083647,Вилоцька територіальна громада,2102009,1,linked
UA21,UA2102,UA21020110000091104,Виноградівська територіальна громада,2102011,1,linked
UA21,UA2102,UA21020130000047547,Кам’янська територіальна громада,2102013,1,linked
UA21,UA2102,UA21020150000043098,Королівська територіальна громада,2102015,1,linked
UA21,UA2102,UA21020170000069101,Косоньська територіальна громада,2102017,1,linked
UA21,UA2102,UA21020190000086409,Пийтерфолвівська територіальна громада,2102019,1,linked
UA21,UA2104,UA21040010000055885,Великолучківська територіальна громада,2104001,1,linked
UA21,UA2104,UA21040030000026359,Верхньокоропецька територіальна громада,2104003,1,linked
UA21,UA2104,UA21040050000032164,Воловецька територіальна громада,2104005,1,linked
UA21,UA2104,UA21040070000029344,Горондівська територіальна громада,2104007,1,linked
UA21,UA2104,UA21040090000072363,Жденіївська територіальна громада,2104009,1,linked
UA21,UA2104,UA21040110000099623,Івановецька територіальна громада,2104011,1,linked
UA21,UA2104,UA21040130000019237,Кольчинська територіальна громада,2104013,1,linked
UA21,UA2104,UA21040150000092428,Мукачівська територіальна громада,2104015,1,linked
UA21,UA2104,UA21040170000092506,Неліпинська територіальна громада,2104017,1,linked
UA21,UA2104,UA21040190000088960,Нижньоворітська територіальна громада,2104019,1,linked
UA21,UA2104,UA21040210000079273,Полянська територіальна громада,2104021,1,linked
UA21,UA2104,UA21040230000091606,Свалявська територіальна громада,2104023,1,linked
UA21,UA2104,UA21040250000010914,Чинадіївська територіальна громада,2104025,1,linked
UA21,UA2106,UA21060010000011784,Богданська територіальна громада,2106001,1,linked
UA21,UA2106,UA21060030000020114,Великобичківська територіальна громада,2106003,1,linked
UA21,UA2106,UA21060050000029937,Рахівська територіальна громада,2106005,1,linked
UA21,UA2106,UA21060070000049340,Ясінянська територіальна громада,2106007,1,linked
UA21,UA2108,UA21080010000097427,Бедевлянська територіальна громада,2108001,1,linked
UA21,UA2108,UA21080030000084057,Буштинська територіальна громада,2108003,1,linked
UA21,UA2108,UA21080050000056542,Вільховецька територіальна громада,2108005,1,linked
UA21,UA2108,UA21080070000025254,Дубівська територіальна громада,2108007,1,linked
UA21,UA2108,UA21080090000024861,Нересницька територіальна громада,2108009,1,linked
UA21,UA2108,UA21080110000054940,Солотвинська територіальна громада,2108011,1,linked
UA21,UA2108,UA21080130000093757,Тересвянська територіальна громада,2108013,1,linked
UA21,UA2108,UA21080150000014443,Тячівська територіальна громада,2108015,1,linked
UA21,UA2108,UA21080170000093911,Углянська територіальна громада,2108017,1,linked
UA21,UA2108,UA21080190000094580,Усть-Чорнянська територіальна громада,2108019,1,linked
UA21,UA2110,UA21100010000070243,Баранинська територіальна громада,2110001,1,linked
UA21,UA2110,UA21100030000089881,Великоберезнянська територіальна громада,2110003,1,linked
UA21,UA2110,UA21100050000042361,Великодобронська територіальна громада,2110005,1,linked
UA21,UA2110,UA21100070000018509,Дубриницько-Малоберезнянська територіальна громада,2110007,1,linked
UA21,UA2110,UA21100090000012128,Костринська територіальна громада,2110009,1,linked
UA21,UA2110,UA21100110000018765,Оноківська територіальна громада,2110011,1,linked
UA21,UA2110,UA21100130000055002,Перечинська територіальна громада,2110013,1,linked
UA21,UA2110,UA21100150000019483,Середнянська територіальна громада,2110015,1,linked
UA21,UA2110,UA21100170000051803,Ставненська територіальна громада,2110017,1,linked
UA21,UA2110,UA21100190000078736,Сюртівська територіальна громада,2110019,1,linked
UA21,UA2110,UA21100210000026937,Тур’є-Реметівська територіальна громада,2110021,1,linked
UA21,UA2110,UA21100230000083101,Ужгородська територіальна громада,2110023,1,linked
UA21,UA2110,UA21100250000028639,Холмківська територіальна громада,2110025,1,linked
UA21,UA2110,UA21100270000015047,Чопська територіальна громада,2110027,1,linked
UA21,UA2112,UA21120010000011654,Білківська територіальна громада,2112001,1,linked
UA21,UA2112,UA21120030000076462,Вишківська територіальна громада,2112003,1,linked
UA21,UA2112,UA21120050000055437,Горінчівська територіальна громада,2112005,1,linked
UA21,UA2112,UA21120070000032447,Довжанська територіальна громада,2112007,1,linked
UA21,UA2112,UA21120090000025804,Драгівська територіальна громада,2112009,1,linked
UA21,UA2112,UA21120110000065395,Зарічанська територіальна громада,2112011,1,linked
UA21,UA2112,UA21120130000025618,Іршавська територіальна громада,2112013,1,linked
UA21,UA2112,UA21120150000079563,Керецьківська територіальна громада,2112015,1,linked
UA21,UA2112,UA21120170000080579,Колочавська територіальна громада,2112017,1,linked
UA21,UA2112,UA21120190000082169,Міжгірська територіальна громада,2112019,1,linked
UA21,UA2112,UA21120210000094884,Пилипецька територіальна громада,2112021,1,linked
UA21,UA2112,UA21120230000041982,Синевирська територіальна громада,2112023,1,linked
UA21,UA2112,UA21120250000077532,Хустська територіальна громада,2112025,1,linked
UA23,UA2302,UA23020010000034566,Андрівська територіальна громада,2302001,1,linked
UA23,UA2302,UA23020030000059558,Андріївська територіальна громада,2302003,1,linked
UA23,UA2302,UA23020050000046501,Бердянська територіальна громада,2302005,1,linked
UA23,UA2302,UA23020070000049788,Берестівська територіальна громада,2302007,1,linked
UA23,UA2302,UA23020090000069977,Коларівська територіальна громада,2302009,1,linked
UA23,UA2302,UA23020110000062653,Осипенківська територіальна громада,2302011,1,linked
UA23,UA2302,UA23020130000081044,Приморська територіальна громада,2302013,1,linked
UA23,UA2302,UA23020150000063371,Чернігівська територіальна громада,2302015,1,linked
UA23,UA2304,UA23040010000033945,Благовіщенська територіальна громада,2304001,1,linked
UA23,UA2304,UA23040030000061166,Василівська територіальна громада,2304003,1,linked
UA23,UA2304,UA23040050000076136,Великобілозерська територіальна громада,2304005,1,linked
UA23,UA2304,UA23040070000097076,Водянська територіальна громада,2304007,1,linked
UA23,UA2304,UA23040090000031823,Дніпрорудненська територіальна громада,2304009,1,linked
UA23,UA2304,UA23040110000019947,Енергодарська територіальна громада,2304011,1,linked
UA23,UA2304,UA23040130000044084,Кам’янсько-Дніпровська територіальна громада,2304013,1,linked
UA23,UA2304,UA23040150000063069,Малобілозерська територіальна громада,2304015,1,linked
UA23,UA2304,UA23040170000022547,Михайлівська територіальна громада,2304017,1,linked
UA23,UA2304,UA23040190000047410,Роздольська територіальна громада,2304019,1,linked
UA23,UA2304,UA23040210000019462,Степногірська територіальна громада,2304021,1,linked
UA23,UA2306,UA23060010000052992,Біленьківська територіальна громада,2306001,1,linked
UA23,UA2306,UA23060030000037089,Вільнянська територіальна громада,2306003,1,linked
UA23,UA2306,UA23060050000065959,Долинська територіальна громада,2306005,1,linked
UA23,UA2306,UA23060070000082704,Запорізька територіальна громада,2306007,1,linked
UA23,UA2306,UA23060090000082326,Комишуваська територіальна громада,2306009,1,linked
UA23,UA2306,UA23060110000049870,Кушугумська територіальна громада,2306011,1,linked
UA23,UA2306,UA23060130000058533,Матвіївська територіальна громада,2306013,1,linked
UA23,UA2306,UA23060150000085288,Михайлівська територіальна громада,2306015,1,linked
UA23,UA2306,UA23060170000046208,Михайло-Лукашівська територіальна громада,2306017,1,linked
UA23,UA2306,UA23060190000080843,Новомиколаївська територіальна громада,2306019,1,linked
UA23,UA2306,UA23060210000064233,Новоолександрівська територіальна громада,2306021,1,linked
UA23,UA2306,UA23060230000071243,Павлівська територіальна громада,2306023,1,linked
UA23,UA2306,UA23060250000058722,Петро-Михайлівська територіальна громада,2306025,1,linked
UA23,UA2306,UA23060270000087706,Степненська територіальна громада,2306027,1,linked
UA23,UA2306,UA23060290000024046,Таврійська територіальна громада,2306029,1,linked
UA23,UA2306,UA23060310000081443,Тернуватська територіальна громада,2306031,1,linked
UA23,UA2306,UA23060330000027462,Широківська територіальна громада,2306033,1,linked
UA23,UA2308,UA23080010000036379,Веселівська територіальна громада,2308001,1,linked
UA23,UA2308,UA23080030000064349,Кирилівська територіальна громада,2308003,1,linked
UA23,UA2308,UA23080050000095009,Костянтинівська територіальна громада,2308005,1,linked
UA23,UA2308,UA23080070000068953,Мелітопольська територіальна громада,2308007,1,linked
UA23,UA2308,UA23080090000051553,Мирненська територіальна громада,2308009,1,linked
UA23,UA2308,UA23080110000020314,Новенська територіальна громада,2308011,1,linked
UA23,UA2308,UA23080130000083188,Новобогданівська територіальна громада,2308013,1,linked
UA23,UA2308,UA23080150000073640,Нововасилівська територіальна громада,2308015,1,linked
UA23,UA2308,UA23080170000033256,Новоуспенівська територіальна громада,2308017,1,linked
UA23,UA2308,UA23080190000065134,Олександрівська територіальна громада,2308019,1,linked
UA23,UA2308,UA23080210000060255,Плодородненська територіальна громада,2308021,1,linked
UA23,UA2308,UA23080230000097340,Приазовська територіальна громада,2308023,1,linked
UA23,UA2308,UA23080250000043914,Семенівська територіальна громада,2308025,1,linked
UA23,UA2308,UA23080270000086363,Терпіннівська територіальна громада,2308027,1,linked
UA23,UA2308,UA23080290000096336,Чкаловська територіальна громада,2308029,1,linked
UA23,UA2308,UA23080310000097001,Якимівська територіальна громада,2308031,1,linked
UA23,UA2310,UA23100010000094236,Більмацька територіальна громада,2310001,1,linked
UA23,UA2310,UA23100030000016840,Воздвижівська територіальна громада,2310003,1,linked
UA23,UA2310,UA23100050000041545,Воскресенська територіальна громада,2310005,1,linked
UA23,UA2310,UA23100070000026535,Гуляйпільська територіальна громада,2310007,1,linked
UA23,UA2310,UA23100090000029171,Комиш-Зорянська територіальна громада,2310009,1,linked
UA23,UA2310,UA23100110000028240,Малинівська територіальна громада,2310011,1,linked
UA23,UA2310,UA23100130000058758,Малотокмачанська територіальна громада,2310013,1,linked
UA23,UA2310,UA23100150000023366,Молочанська територіальна громада,2310015,1,linked
UA23,UA2310,UA23100170000031289,Оріхівська територіальна громада,2310017,1,linked
UA23,UA2310,UA23100190000020018,Пологівська територіальна громада,2310019,1,linked
UA23,UA2310,UA23100210000086911,Преображенська територіальна громада,2310021,1,linked
UA23,UA2310,UA23100230000021603,Розівська територіальна громада,2310023,1,linked
UA23,UA2310,UA23100250000073490,Смирновська територіальна громада,2310025,1,linked
UA23,UA2310,UA23100270000073418,Токмацька територіальна громада,2310027,1,linked
UA23,UA2310,UA23100290000069212,Федорівська територіальна громада,2310029,1,linked
UA26,UA2602,UA26020010000096556,Білоберізька територіальна громада,2602001,1,linked
UA26,UA2602,UA26020030000088465,Верховинська територіальна громада,2602003,1,linked
UA26,UA2602,UA26020050000098694,Зеленська територіальна громада,2602005,1,linked
UA26,UA2604,UA26040010000011271,Більшівцівська територіальна громада,2604001,1,linked
UA26,UA2604,UA26040030000091528,Богородчанська територіальна громада,2604003,1,linked
UA26,UA2604,UA26040050000080752,Букачівська територіальна громада,2604005,1,linked
UA26,UA2604,UA26040070000065724,Бурштинська територіальна громада,2604007,1,linked
UA26,UA2604,UA26040090000025932,Галицька територіальна громада,2604009,1,linked
UA26,UA2604,UA26040110000023512,Дзвиняцька територіальна громада,2604011,1,linked
UA26,UA2604,UA26040130000010870,Дубовецька територіальна громада,2604013,1,linked
UA26,UA2604,UA26040150000053322,Єзупільська територіальна громада,2604015,1,linked
UA26,UA2604,UA26040170000097347,Загвіздянська територіальна громада,2604017,1,linked
UA26,UA2604,UA26040190000081578,Івано-Франківська територіальна громада,2604019,1,linked
UA26,UA2604,UA26040210000094444,Лисецька територіальна громада,2604021,1,linked
UA26,UA2604,UA26040230000035526,Обертинська територіальна громада,2604023,1,linked
UA26,UA2604,UA26040250000061081,Олешанська територіальна громада,2604025,1,linked
UA26,UA2604,UA26040270000047749,Рогатинська територіальна громада,2604027,1,linked
UA26,UA2604,UA26040290000025886,Солотвинська територіальна громада,2604029,1,linked
UA26,UA2604,UA26040310000066064,Старобогородчанська територіальна громада,2604031,1,linked
UA26,UA2604,UA26040330000019235,Тисменицька територіальна громада,2604033,1,linked
UA26,UA2604,UA26040350000024417,Тлумацька територіальна громада,2604035,1,linked
UA26,UA2604,UA26040370000057019,Угринівська територіальна громада,2604037,1,linked
UA26,UA2604,UA26040390000023006,Ямницька територіальна громада,2604039,1,linked
UA26,UA2606,UA26060010000037638,Болехівська територіальна громада,2606001,1,linked
UA26,UA2606,UA26060030000011364,Брошнів-Осадська територіальна громада,2606003,1,linked
UA26,UA2606,UA26060050000042523,Верхнянська територіальна громада,2606005,1,linked
UA26,UA2606,UA26060070000011203,Вигодська територіальна громада,2606007,1,linked
UA26,UA2606,UA26060090000054411,Витвицька територіальна громада,2606009,1,linked
UA26,UA2606,UA26060110000025739,Войнилівська територіальна громада,2606011,1,linked
UA26,UA2606,UA26060130000047466,Долинська територіальна громада,2606013,1,linked
UA26,UA2606,UA26060150000074921,Дубівська територіальна громада,2606015,1,linked
UA26,UA2606,UA26060170000091466,Калуська територіальна громада,2606017,1,linked
UA26,UA2606,UA26060190000099075,Новицька територіальна громада,2606019,1,linked
UA26,UA2606,UA26060210000091421,Перегінська територіальна громада,2606021,1,linked
UA26,UA2606,UA26060230000053464,Рожнятівська територіальна громада,2606023,1,linked
UA26,UA2606,UA26060250000064599,Спаська територіальна громада,2606025,1,linked
UA26,UA2608,UA26080010000036750,Гвіздецька територіальна громада,2608001,1,linked
UA26,UA2608,UA26080030000014307,Городенківська територіальна громада,2608003,1,linked
UA26,UA2608,UA26080050000081474,Заболотівська територіальна громада,2608005,1,linked
UA26,UA2608,UA26080070000092582,Коломийська територіальна громада,2608007,1,linked
UA26,UA2608,UA26080090000095729,Коршівська територіальна громада,2608009,1,linked
UA26,UA2608,UA26080110000076323,Матеївецька територіальна громада,2608011,1,linked
UA26,UA2608,UA26080130000058024,Нижньовербізька територіальна громада,2608013,1,linked
UA26,UA2608,UA26080150000032640,Отинійська територіальна громада,2608015,1,linked
UA26,UA2608,UA26080170000041182,Печеніжинська територіальна громада,2608017,1,linked
UA26,UA2608,UA26080190000080618,Підгайчиківська територіальна громада,2608019,1,linked
UA26,UA2608,UA26080210000049380,П’ядицька територіальна громада,2608021,1,linked
UA26,UA2608,UA26080230000035462,Снятинська територіальна громада,2608023,1,linked
UA26,UA2608,UA26080250000056546,Чернелицька територіальна громада,2608025,1,linked
UA26,UA2610,UA26100010000076570,Косівська територіальна громада,2610001,1,linked
UA26,UA2610,UA26100030000012148,Космацька територіальна громада,2610003,1,linked
UA26,UA2610,UA26100050000019570,Кутська територіальна громада,2610005,1,linked
UA26,UA2610,UA26100070000078132,Рожнівська територіальна громада,2610007,1,linked
UA26,UA2610,UA26100090000038366,Яблунівська територіальна громада,2610009,1,linked
UA26,UA2612,UA26120010000096774,Ворохтянська територіальна громада,2612001,1,linked
UA26,UA2612,UA26120030000018265,Делятинська територіальна громада,2612003,1,linked
UA26,UA2612,UA26120050000087602,Ланчинська територіальна громада,2612005,1,linked
UA26,UA2612,UA26120070000067596,Надвірнянська територіальна громада,2612007,1,linked
UA26,UA2612,UA26120090000072057,Пасічнянська територіальна громада,2612009,1,linked
UA26,UA2612,UA26120110000086381,Переріслянська територіальна громада,2612011,1,linked
UA26,UA2612,UA26120130000088448,Поляницька територіальна громада,2612013,1,linked
UA26,UA2612,UA26120150000021671,Яремчанська територіальна громада,2612015,1,linked
UA32,UA3202,UA32020010000093088,Білоцерківська територіальна громада,3202001,1,linked
UA32,UA3202,UA32020030000029575,Володарська територіальна громада,3202003,1,linked
UA32,UA3202,UA32020050000062595,Гребінківська територіальна громада,3202005,1,linked
UA32,UA3202,UA32020070000027895,Ковалівська територіальна громада,3202007,1,linked
UA32,UA3202,UA32020090000022264,Маловільшанська територіальна громада,3202009,1,linked
UA32,UA3202,UA32020110000085875,Медвинська територіальна громада,3202011,1,linked
UA32,UA3202,UA32020130000010013,Рокитнянська територіальна громада,3202013,1,linked
UA32,UA3202,UA32020150000040878,Сквирська територіальна громада,3202015,1,linked
UA32,UA3202,UA32020170000020698,Ставищенська територіальна громада,3202017,1,linked
UA32,UA3202,UA32020190000084133,Таращанська територіальна громада,3202019,1,linked
UA32,UA3202,UA32020210000064694,Тетіївська територіальна громада,3202021,1,linked
UA32,UA3202,UA32020230000012716,Узинська територіальна громада,3202023,1,linked
UA32,UA3202,UA32020250000099079,Фурсівська територіальна громада,3202025,1,linked
UA32,UA3204,UA32040010000010116,Бориспільська територіальна громада,3204001,1,linked
UA32,UA3204,UA32040030000083910,Вороньківська територіальна громада,3204003,1,linked
UA32,UA3204,UA32040050000077950,Гірська територіальна громада,3204005,1,linked
UA32,UA3204,UA32040070000056247,Дівичківська територіальна громада,3204007,1,linked
UA32,UA3204,UA32040090000083028,Золочівська територіальна громада,3204009,1,linked
UA32,UA3204,UA32040110000047477,Переяславська територіальна громада,3204011,1,linked
UA32,UA3204,UA32040130000049927,Пристолична територіальна громада,3204013,1,linked
UA32,UA3204,UA32040150000073245,Студениківська територіальна громада,3204015,1,linked
UA32,UA3204,UA32040170000034173,Ташанська територіальна громада,3204017,1,linked
UA32,UA3204,UA32040190000043384,Циблівська територіальна громада,3204019,1,linked
UA32,UA3204,UA32040210000086086,Яготинська територіальна громада,3204021,1,linked
UA32,UA3206,UA32060010000086043,Баришівська територіальна громада,3206001,1,linked
UA32,UA3206,UA32060030000048241,Березанська територіальна громада,3206003,1,linked
UA32,UA3206,UA32060050000030591,Броварська територіальна громада,3206005,1,linked
UA32,UA3206,UA32060070000092009,Великодимерська територіальна громада,3206007,1,linked
UA32,UA3206,UA32060090000096236,Зазимська територіальна громада,3206009,1,linked
UA32,UA3206,UA32060110000050416,Згурівська територіальна громада,3206011,1,linked
UA32,UA3206,UA32060130000095223,Калинівська територіальна громада,3206013,1,linked
UA32,UA3206,UA32060150000031409,Калитянська територіальна громада,3206015,1,linked
UA32,UA3208,UA32080010000060215,Білогородська територіальна громада,3208001,1,linked
UA32,UA3208,UA32080030000070006,Бородянська територіальна громада,3208003,1,linked
UA32,UA3208,UA32080050000052660,Борщагівська територіальна громада,3208005,1,linked
UA32,UA3208,UA32080070000050759,Бучанська територіальна громада,3208007,1,linked
UA32,UA3208,UA32080090000011038,Вишнева територіальна громада,3208009,1,linked
UA32,UA3208,UA32080110000056605,Гостомельська територіальна громада,3208011,1,linked
UA32,UA3208,UA32080130000056481,Дмитрівська територіальна громада,3208013,1,linked
UA32,UA3208,UA32080150000035443,Ірпінська територіальна громада,3208015,1,linked
UA32,UA3208,UA32080170000086616,Коцюбинська територіальна громада,3208017,1,linked
UA32,UA3208,UA32080190000081428,Макарівська територіальна громада,3208019,1,linked
UA32,UA3208,UA32080210000074136,Немішаївська територіальна громада,3208021,1,linked
UA32,UA3208,UA32080230000026180,Пісківська територіальна громада,3208023,1,linked
UA32,UA3210,UA32100010000094393,Вишгородська територіальна громада,3210001,1,linked
UA32,UA3210,UA32100030000066252,Димерська територіальна громада,3210003,1,linked
UA32,UA3210,UA32100050000082904,Іванківська територіальна громада,3210005,1,linked
UA32,UA3210,UA32100070000076283,Петрівська територіальна громада,3210007,1,linked
UA32,UA3210,UA32100090000060111,Пірнівська територіальна громада,3210009,1,linked
UA32,UA3210,UA32100110000030685,Поліська територіальна громада,3210011,1,linked
UA32,UA3210,UA32100130000093505,Славутицька територіальна громада,3210013,1,linked
UA32,UA3212,UA32120010000062762,Богуславська територіальна громада,3212001,1,linked
UA32,UA3212,UA32120030000030458,Васильківська територіальна громада,3212003,1,linked
UA32,UA3212,UA32120050000067577,Кагарлицька територіальна громада,3212005,1,linked
UA32,UA3212,UA32120070000050717,Козинська територіальна громада,3212007,1,linked
UA32,UA3212,UA32120090000034281,Миронівська територіальна громада,3212009,1,linked
UA32,UA3212,UA32120110000025177,Обухівська територіальна громада,3212011,1,linked
UA32,UA3212,UA32120130000012946,Ржищівська територіальна громада,3212013,1,linked
UA32,UA3212,UA32120150000062718,Українська територіальна громада,3212015,1,linked
UA32,UA3212,UA32120170000094084,Феодосіївська територіальна громада,3212017,1,linked
UA32,UA3214,UA32140010000049369,Бишівська територіальна громада,3214001,1,linked
UA32,UA3214,UA32140030000074165,Боярська територіальна громада,3214003,1,linked
UA32,UA3214,UA32140050000046018,Гатненська територіальна громада,3214005,1,linked
UA32,UA3214,UA32140070000012102,Глевахівська територіальна громада,3214007,1,linked
UA32,UA3214,UA32140090000085800,Калинівська територіальна громада,3214009,1,linked
UA32,UA3214,UA32140110000089620,Кожанська територіальна громада,3214011,1,linked
UA32,UA3214,UA32140130000030648,Томашівська територіальна громада,3214013,1,linked
UA32,UA3214,UA32140150000040954,Фастівська територіальна громада,3214015,1,linked
UA32,UA3214,UA32140170000038368,Чабанівська територіальна громада,3214017,1,linked
UA35,UA3502,UA35020010000028961,Благовіщенська територіальна громада,3502001,1,linked
UA35,UA3502,UA35020030000022644,Вільшанська територіальна громада,3502003,1,linked
UA35,UA3502,UA35020050000014205,Гайворонська територіальна громада,3502005,1,linked
UA35,UA3502,UA35020070000018243,Голованівська територіальна громада,3502007,1,linked
UA35,UA3502,UA35020090000039429,Заваллівська територіальна громада,3502009,1,linked
UA35,UA3502,UA35020110000013511,Надлацька територіальна громада,3502011,1,linked
UA35,UA3502,UA35020130000045875,Новоархангельська територіальна громада,3502013,1,linked
UA35,UA3502,UA35020150000027557,Перегонівська територіальна громада,3502015,1,linked
UA35,UA3502,UA35020170000076448,Підвисоцька територіальна громада,3502017,1,linked
UA35,UA3502,UA35020190000025203,Побузька територіальна громада,3502019,1,linked
UA35,UA3504,UA35040010000022631,Аджамська територіальна громада,3504001,1,linked
UA35,UA3504,UA35040030000074104,Бобринецька територіальна громада,3504003,1,linked
UA35,UA3504,UA35040050000013889,Великосеверинівська територіальна громада,3504005,1,linked
UA35,UA3504,UA35040070000034432,Гурівська територіальна громада,3504007,1,linked
UA35,UA3504,UA35040090000082553,Дмитрівська територіальна громада,3504009,1,linked
UA35,UA3504,UA35040110000055821,Долинська територіальна громада,3504011,1,linked
UA35,UA3504,UA35040130000021732,Знам’янська територіальна громада,3504013,1,linked
UA35,UA3504,UA35040150000097644,Катеринівська територіальна громада,3504015,1,linked
UA35,UA3504,UA35040170000065192,Кетрисанівська територіальна громада,3504017,1,linked
UA35,UA3504,UA35040190000012514,Компаніївська територіальна громада,3504019,1,linked
UA35,UA3504,UA35040210000014072,Кропивницька територіальна громада,3504021,1,linked
UA35,UA3504,UA35040230000015609,Новгородківська територіальна громада,3504023,1,linked
UA35,UA3504,UA35040250000048915,Олександрівська територіальна громада,3504025,1,linked
UA35,UA3504,UA35040270000084621,Первозванівська територіальна громада,3504027,1,linked
UA35,UA3504,UA35040290000046019,Соколівська територіальна громада,3504029,1,linked
UA35,UA3504,UA35040310000035890,Суботцівська територіальна громада,3504031,1,linked
UA35,UA3504,UA35040330000014430,Устинівська територіальна громада,3504033,1,linked
UA35,UA3506,UA35060010000018331,Ганнівська територіальна громада,3506001,1,linked
UA35,UA3506,UA35060030000099117,Глодоська територіальна громада,3506003,1,linked
UA35,UA3506,UA35060050000025668,Добровеличківська територіальна громада,3506005,1,linked
UA35,UA3506,UA35060070000071148,Злинська територіальна громада,3506007,1,linked
UA35,UA3506,UA35060090000091976,Маловисківська територіальна громада,3506009,1,linked
UA35,UA3506,UA35060110000056063,Мар’янівська територіальна громада,3506011,1,linked
UA35,UA3506,UA35060130000087718,Новомиргородська територіальна громада,3506013,1,linked
UA35,UA3506,UA35060150000073710,Новоукраїнська територіальна громада,3506015,1,linked
UA35,UA3506,UA35060170000071056,Піщанобрідська територіальна громада,3506017,1,linked
UA35,UA3506,UA35060190000079777,Помічнянська територіальна громада,3506019,1,linked
UA35,UA3506,UA35060210000019042,Рівнянська територіальна громада,3506021,1,linked
UA35,UA3506,UA35060230000086264,Смолінська територіальна громада,3506023,1,linked
UA35,UA3506,UA35060250000057436,Тишківська територіальна громада,3506025,1,linked
UA35,UA3508,UA35080010000032386,Великоандрусівська територіальна громада,3508001,1,linked
UA35,UA3508,UA35080030000042560,Новопразька територіальна громада,3508003,1,linked
UA35,UA3508,UA35080050000038829,Олександрійська територіальна громада,3508005,1,linked
UA35,UA3508,UA35080070000016791,Онуфріївська територіальна громада,3508007,1,linked
UA35,UA3508,UA35080090000078673,Пантаївська територіальна громада,3508009,1,linked
UA35,UA3508,UA35080110000063919,Петрівська територіальна громада,3508011,1,linked
UA35,UA3508,UA35080130000048304,Попельнастівська територіальна громада,3508013,1,linked
UA35,UA3508,UA35080150000074379,Приютівська територіальна громада,3508015,1,linked
UA35,UA3508,UA35080170000077673,Світловодська територіальна громада,3508017,1,linked
UA44,UA4402,UA44020010000067642,Алчевська територіальна громада,4402001,1,linked
UA44,UA4402,UA44020030000055937,Зимогір’ївська територіальна громада,4402003,1,linked
UA44,UA4402,UA44020050000061272,Кадіївська територіальна громада,4402005,1,linked
UA44,UA4404,UA44040010000091230,Довжанська територіальна громада,4404001,1,linked
UA44,UA4404,UA44040030000034083,Сорокинська територіальна громада,4404003,1,linked
UA44,UA4406,UA44060010000059164,Луганська територіальна громада,4406001,1,linked
UA44,UA4406,UA44060030000019360,Лутугинська територіальна громада,4406003,1,linked
UA44,UA4406,UA44060050000028333,Молодогвардійська територіальна громада,4406005,1,linked
UA44,UA4408,UA44080010000030435,Антрацитівська територіальна громада,4408001,1,linked
UA44,UA4408,UA44080030000048115,Ровеньківська територіальна громада,4408003,1,linked
UA44,UA4408,UA44080050000055882,Хрустальненська територіальна громада,4408005,1,linked
UA44,UA4410,UA44100010000048313,Білокуракинська територіальна громада,4410001,1,linked
UA44,UA4410,UA44100030000094890,Коломийчиська територіальна громада,4410003,1,linked
UA44,UA4410,UA44100050000027880,Красноріченська територіальна громада,4410005,1,linked
UA44,UA4410,UA44100070000070448,Лозно-Олександрівська територіальна громада,4410007,1,linked
UA44,UA4410,UA44100090000087782,Нижньодуванська територіальна громада,4410009,1,linked
UA44,UA4410,UA44100110000061602,Сватівська територіальна громада,4410011,1,linked
UA44,UA4410,UA44100130000017965,Троїцька територіальна громада,4410013,1,linked
UA44,UA4412,UA44120010000044132,Гірська територіальна громада,4412001,1,linked
UA44,UA4412,UA44120030000094047,Кремінська територіальна громада,4412003,1,linked
UA44,UA4412,UA44120050000066819,Лисичанська територіальна громада,4412005,1,linked
UA44,UA4412,UA44120070000073915,Попаснянська територіальна громада,4412007,1,linked
UA44,UA4412,UA44120090000062828,Рубіжанська територіальна громада,4412009,1,linked
UA44,UA4412,UA44120110000010163,Сєвєродонецька територіальна громада,4412011,1,linked
UA44,UA4414,UA44140010000036188,Біловодська територіальна громада,4414001,1,linked
UA44,UA4414,UA44140030000070201,Білолуцька територіальна громада,4414003,1,linked
UA44,UA4414,UA44140050000026566,Марківська територіальна громада,4414005,1,linked
UA44,UA4414,UA44140070000058445,Міловська територіальна громада,4414007,1,linked
UA44,UA4414,UA44140090000072167,Новопсковська територіальна громада,4414009,1,linked
UA44,UA4414,UA44140110000056578,Старобільська територіальна громада,4414011,1,linked
UA44,UA4414,UA44140130000089782,Чмирівська територіальна громада,4414013,1,linked
UA44,UA4414,UA44140150000072734,Шульгинська територіальна громада,4414015,1,linked
UA44,UA4416,UA44160010000053248,Нижньотеплівська територіальна громада,4416001,1,linked
UA44,UA4416,UA44160030000020916,Новоайдарська територіальна громада,4416003,1,linked
UA44,UA4416,UA44160050000040019,Станично-Луганська територіальна громада,4416005,1,linked
UA44,UA4416,UA44160070000013725,Широківська територіальна громада,4416007,1,linked
UA44,UA4416,UA44160090000075695,Щастинська територіальна громада,4416009,1,linked
UA46,UA4602,UA46020010000073886,Бориславська територіальна громада,4602001,1,linked
UA46,UA4602,UA46020030000019252,Дрогобицька територіальна громада,4602003,1,linked
UA46,UA4602,UA46020050000037271,Меденицька територіальна громада,4602005,1,linked
UA46,UA4602,UA46020070000056149,Східницька територіальна громада,4602007,1,linked
UA46,UA4602,UA46020090000057315,Трускавецька територіальна громада,4602009,1,linked
UA46,UA4604,UA46040010000033885,Бродівська територіальна громада,4604001,1,linked
UA46,UA4604,UA46040030000058332,Буська територіальна громада,4604003,1,linked
UA46,UA4604,UA46040050000062043,Заболотцівська територіальна громада,4604005,1,linked
UA46,UA4604,UA46040070000032075,Золочівська територіальна громада,4604007,1,linked
UA46,UA4604,UA46040090000012087,Красненська територіальна громада,4604009,1,linked
UA46,UA4604,UA46040110000093394,Підкамінська територіальна громада,4604011,1,linked
UA46,UA4604,UA46040130000035029,Поморянська територіальна громада,4604013,1,linked
UA46,UA4606,UA46060010000049728,Бібрська територіальна громада,4606001,1,linked
UA46,UA4606,UA46060030000020652,Великолюбінська територіальна громада,4606003,1,linked
UA46,UA4606,UA46060050000016451,Глинянська територіальна громада,4606005,1,linked
UA46,UA4606,UA46060070000047720,Городоцька територіальна громада,4606007,1,linked
UA46,UA4606,UA46060090000017373,Давидівська територіальна громада,4606009,1,linked
UA46,UA4606,UA46060110000011684,Добросинсько-Магерівська територіальна громада,4606011,1,linked
UA46,UA4606,UA46060130000059055,Жовківська територіальна громада,4606013,1,linked
UA46,UA4606,UA46060150000060045,Жовтанецька територіальна громада,4606015,1,linked
UA46,UA4606,UA46060170000014754,Зимноводівська територіальна громада,4606017,1,linked
UA46,UA4606,UA46060190000038354,Кам’янка-Бузька територіальна громада,4606019,1,linked
UA46,UA4606,UA46060210000047788,Комарнівська територіальна громада,4606021,1,linked
UA46,UA4606,UA46060230000093092,Куликівська територіальна громада,4606023,1,linked
UA46,UA4606,UA46060250000025047,Львівська територіальна громада,4606025,1,linked
UA46,UA4606,UA46060270000027170,Мурованська територіальна громада,4606027,1,linked
UA46,UA4606,UA46060290000052876,Новояричівська територіальна громада,4606029,1,linked
UA46,UA4606,UA46060310000086550,Оброшинська територіальна громада,4606031,1,linked
UA46,UA4606,UA46060330000065074,Перемишлянська територіальна громада,4606033,1,linked
UA46,UA4606,UA46060350000036006,Підберізцівська територіальна громада,4606035,1,linked
UA46,UA4606,UA46060370000065608,Пустомитівська територіальна громада,4606037,1,linked
UA46,UA4606,UA46060390000035967,Рава-Руська територіальна громада,4606039,1,linked
UA46,UA4606,UA46060410000052681,Сокільницька територіальна громада,4606041,1,linked
UA46,UA4606,UA46060430000091455,Солонківська територіальна громада,4606043,1,linked
UA46,UA4606,UA46060450000037997,Щирецька територіальна громада,4606045,1,linked
UA46,UA4608,UA46080010000010628,Бісковицька територіальна громада,4608001,1,linked
UA46,UA4608,UA46080030000048662,Боринська територіальна громада,4608003,1,linked
UA46,UA4608,UA46080050000015399,Добромильська територіальна громада,4608005,1,linked
UA46,UA4608,UA46080070000035761,Новокалинівська територіальна громада,4608007,1,linked
UA46,UA4608,UA46080090000029798,Ралівська територіальна громада,4608009,1,linked
UA46,UA4608,UA46080110000050484,Рудківська територіальна громада,4608011,1,linked
UA46,UA4608,UA46080130000077112,Самбірська територіальна громада,4608013,1,linked
UA46,UA4608,UA46080150000050321,Старосамбірська територіальна громада,4608015,1,linked
UA46,UA4608,UA46080170000064605,Стрілківська територіальна громада,4608017,1,linked
UA46,UA4608,UA46080190000096121,Турківська територіальна громада,4608019,1,linked
UA46,UA4608,UA46080210000051983,Хирівська територіальна громада,4608021,1,linked
UA46,UA4610,UA46100010000066018,Гніздичівська територіальна громада,4610001,1,linked
UA46,UA4610,UA46100030000016064,Грабовецько-Дулібівська територіальна громада,4610003,1,linked
UA46,UA4610,UA46100050000053848,Жидачівська територіальна громада,4610005,1,linked
UA46,UA4610,UA46100070000076013,Журавненська територіальна громада,4610007,1,linked
UA46,UA4610,UA46100090000076723,Козівська територіальна громада,4610009,1,linked
UA46,UA4610,UA46100110000018989,Миколаївська територіальна громада,4610011,1,linked
UA46,UA4610,UA46100130000048262,Моршинська територіальна громада,4610013,1,linked
UA46,UA4610,UA46100150000087495,Новороздільська територіальна громада,4610015,1,linked
UA46,UA4610,UA46100170000077437,Розвадівська територіальна громада,4610017,1,linked
UA46,UA4610,UA46100190000081766,Сколівська територіальна громада,4610019,1,linked
UA46,UA4610,UA46100210000027970,Славська територіальна громада,4610021,1,linked
UA46,UA4610,UA46100230000047305,Стрийська територіальна громада,4610023,1,linked
UA46,UA4610,UA46100250000088835,Тростянецька територіальна громада,4610025,1,linked
UA46,UA4610,UA46100270000094052,Ходорівська територіальна громада,4610027,1,linked
UA46,UA4612,UA46120010000054878,Белзька територіальна громада,4612001,1,linked
UA46,UA4612,UA46120030000069375,Великомостівська територіальна громада,4612003,1,linked
UA46,UA4612,UA46120050000027080,Добротвірська територіальна громада,4612005,1,linked
UA46,UA4612,UA46120070000071541,Лопатинська територіальна громада,4612007,1,linked
UA46,UA4612,UA46120090000051307,Радехівська територіальна громада,4612009,1,linked
UA46,UA4612,UA46120110000062257,Сокальська територіальна громада,4612011,1,linked
UA46,UA4612,UA46120130000026331,Червоноградська територіальна громада,4612013,1,linked
UA46,UA4614,UA46140010000081849,Івано-Франківська територіальна громада,4614001,1,linked
UA46,UA4614,UA46140030000023506,Мостиська територіальна громада,4614003,1,linked
UA46,UA4614,UA46140050000054478,Новояворівська територіальна громада,4614005,1,linked
UA46,UA4614,UA46140070000010135,Судововишнянська територіальна громада,4614007,1,linked
UA46,UA4614,UA46140090000079730,Шегинівська територіальна громада,4614009,1,linked
UA46,UA4614,UA46140110000063568,Яворівська територіальна громада,4614011,1,linked
UA48,UA4802,UA48020010000091496,Баштанська територіальна громада,4802001,1,linked
UA48,UA4802,UA48020030000061219,Березнегуватська територіальна громада,4802003,1,linked
UA48,UA4802,UA48020050000023194,Вільнозапорізька територіальна громада,4802005,1,linked
UA48,UA4802,UA48020070000050731,Володимирівська територіальна громада,4802007,1,linked
UA48,UA4802,UA48020090000069919,Горохівська територіальна громада,4802009,1,linked
UA48,UA4802,UA48020110000020969,Інгульська територіальна громада,4802011,1,linked
UA48,UA4802,UA48020130000080862,Казанківська територіальна громада,4802013,1,linked
UA48,UA4802,UA48020150000051082,Новобузька територіальна громада,4802015,1,linked
UA48,UA4802,UA48020170000082529,Привільненська територіальна громада,4802017,1,linked
UA48,UA4802,UA48020190000083597,Снігурівська територіальна громада,4802019,1,linked
UA48,UA4802,UA48020210000024814,Софіївська територіальна громада,4802021,1,linked
UA48,UA4802,UA48020230000095751,Широківська територіальна громада,4802023,1,linked
UA48,UA4804,UA48040010000016403,Братська територіальна громада,4804001,1,linked
UA48,UA4804,UA48040030000013036,Бузька територіальна громада,4804003,1,linked
UA48,UA4804,UA48040050000011284,Веселинівська територіальна громада,4804005,1,linked
UA48,UA4804,UA48040070000056126,Вознесенська територіальна громада,4804007,1,linked
UA48,UA4804,UA48040090000070960,Доманівська територіальна громада,4804009,1,linked
UA48,UA4804,UA48040110000015580,Дорошівська територіальна громада,4804011,1,linked
UA48,UA4804,UA48040130000074078,Єланецька територіальна громада,4804013,1,linked
UA48,UA4804,UA48040150000011861,Мостівська територіальна громада,4804015,1,linked
UA48,UA4804,UA48040170000057262,Новомар’ївська територіальна громада,4804017,1,linked
UA48,UA4804,UA48040190000026236,Олександрівська територіальна громада,4804019,1,linked
UA48,UA4804,UA48040210000049987,Прибужанівська територіальна громада,4804021,1,linked
UA48,UA4804,UA48040230000012964,Прибузька територіальна громада,4804023,1,linked
UA48,UA4804,UA48040250000044166,Южноукраїнська територіальна громада,4804025,1,linked
UA48,UA4806,UA48060010000061913,Березанська територіальна громада,4806001,1,linked
UA48,UA4806,UA48060030000055210,Веснянська територіальна громада,4806003,1,linked
UA48,UA4806,UA48060050000074873,Воскресенська територіальна громада,4806005,1,linked
UA48,UA4806,UA48060070000087404,Галицинівська територіальна громада,4806007,1,linked
UA48,UA4806,UA48060090000097375,Коблівська територіальна громада,4806009,1,linked
UA48,UA4806,UA48060110000055792,Костянтинівська територіальна громада,4806011,1,linked
UA48,UA4806,UA48060130000035572,Куцурубська територіальна громада,4806013,1,linked
UA48,UA4806,UA48060150000071713,Миколаївська територіальна громада,4806015,1,linked
UA48,UA4806,UA48060170000025778,Мішково-Погорілівська територіальна громада,4806017,1,linked
UA48,UA4806,UA48060190000070297,Нечаянська територіальна громада,4806019,1,linked
UA48,UA4806,UA48060210000081533,Новоодеська територіальна громада,4806021,1,linked
UA48,UA4806,UA48060230000098265,Ольшанська територіальна громада,4806023,1,linked
UA48,UA4806,UA48060250000061313,Очаківська територіальна громада,4806025,1,linked
UA48,UA4806,UA48060270000044708,Первомайська територіальна громада,4806027,1,linked
UA48,UA4806,UA48060290000080246,Радсадівська територіальна громада,4806029,1,linked
UA48,UA4806,UA48060310000084930,Степівська територіальна громада,4806031,1,linked
UA48,UA4806,UA48060330000083035,Сухоєланецька територіальна громада,4806033,1,linked
UA48,UA4806,UA48060350000011218,Чорноморська територіальна громада,4806035,1,linked
UA48,UA4806,UA48060370000016130,Шевченківська територіальна громада,4806037,1,linked
UA48,UA4808,UA48080010000048763,Арбузинська територіальна громада,4808001,1,linked
UA48,UA4808,UA48080030000050927,Благодатненська територіальна громада,4808003,1,linked
UA48,UA4808,UA48080050000053070,Врадіївська територіальна громада,4808005,1,linked
UA48,UA4808,UA48080070000061107,Кам’яномостівська територіальна громада,4808007,1,linked
UA48,UA4808,UA48080090000029942,Кривоозерська територіальна громада,4808009,1,linked
UA48,UA4808,UA48080110000010732,Мигіївська територіальна громада,4808011,1,linked
UA48,UA4808,UA48080130000028458,Первомайська територіальна громада,4808013,1,linked
UA48,UA4808,UA48080150000083195,Синюхинобрідська територіальна громада,4808015,1,linked
UA51,UA5102,UA51020010000012094,Андрієво-Іванівська територіальна громада,5102001,1,linked
UA51,UA5102,UA51020030000095942,Березівська територіальна громада,5102003,1,linked
UA51,UA5102,UA51020050000075980,Великобуялицька територіальна громада,5102005,1,linked
UA51,UA5102,UA51020070000019684,Знам’янська територіальна громада,5102007,1,linked
UA51,UA5102,UA51020090000073639,Іванівська територіальна громада,5102009,1,linked
UA51,UA5102,UA51020110000041005,Коноплянська територіальна громада,5102011,1,linked
UA51,UA5102,UA51020130000060117,Курісовська територіальна громада,5102013,1,linked
UA51,UA5102,UA51020150000090298,Миколаївська територіальна громада,5102015,1,linked
UA51,UA5102,UA51020170000041393,Новокальчевська територіальна громада,5102017,1,linked
UA51,UA5102,UA51020190000074479,Петровірівська територіальна громада,5102019,1,linked
UA51,UA5102,UA51020210000019597,Раухівська територіальна громада,5102021,1,linked
UA51,UA5102,UA51020230000068053,Розквітівська територіальна громада,5102023,1,linked
UA51,UA5102,UA51020250000084082,Старомаяківська територіальна громада,5102025,1,linked
UA51,UA5102,UA51020270000068435,Стрюківська територіальна громада,5102027,1,linked
UA51,UA5102,UA51020290000017926,Чогодарівська територіальна громада,5102029,1,linked
UA51,UA5102,UA51020310000020019,Ширяївська територіальна громада,5102031,1,linked
UA51,UA5104,UA51040010000016896,Білгород-Дністровська територіальна громада,5104001,1,linked
UA51,UA5104,UA51040030000095700,Дивізійська територіальна громада,5104003,1,linked
UA51,UA5104,UA51040050000073907,Кароліно-Бугазька територіальна громада,5104005,1,linked
UA51,UA5104,UA51040070000074000,Кулевчанська територіальна громада,5104007,1,linked
UA51,UA5104,UA51040090000096249,Лиманська територіальна громада,5104009,1,linked
UA51,UA5104,UA51040110000040346,Маразліївська територіальна громада,5104011,1,linked
UA51,UA5104,UA51040130000049323,Мологівська територіальна громада,5104013,1,linked
UA51,UA5104,UA51040150000087491,Петропавлівська територіальна громада,5104015,1,linked
UA51,UA5104,UA51040170000036391,Плахтіївська територіальна громада,5104017,1,linked
UA51,UA5104,UA51040190000058077,Саратська територіальна громада,5104019,1,linked
UA51,UA5104,UA51040210000057879,Сергіївська територіальна громада,5104021,1,linked
UA51,UA5104,UA51040230000018414,Старокозацька територіальна громада,5104023,1,linked
UA51,UA5104,UA51040250000099866,Татарбунарська територіальна громада,5104025,1,linked
UA51,UA5104,UA51040270000028361,Тузлівська територіальна громада,5104027,1,linked
UA51,UA5104,UA51040290000011852,Успенівська територіальна громада,5104029,1,linked
UA51,UA5104,UA51040310000071545,Шабівська територіальна громада,5104031,1,linked
UA51,UA5106,UA51060010000033212,Арцизька територіальна громада,5106001,1,linked
UA51,UA5106,UA51060030000044366,Болградська територіальна громада,5106003,1,linked
UA51,UA5106,UA51060050000061243,Бородінська територіальна громада,5106005,1,linked
UA51,UA5106,UA51060070000052726,Василівська територіальна громада,5106007,1,linked
UA51,UA5106,UA51060090000014997,Городненська територіальна громада,5106009,1,linked
UA51,UA5106,UA51060110000077844,Криничненська територіальна громада,5106011,1,linked
UA51,UA5106,UA51060130000042133,Кубейська територіальна громада,5106013,1,linked
UA51,UA5106,UA51060150000016544,Павлівська територіальна громада,5106015,1,linked
UA51,UA5106,UA51060170000068967,Тарутинська територіальна громада,5106017,1,linked
UA51,UA5106,UA51060190000067242,Теплицька територіальна громада,5106019,1,linked
UA51,UA5108,UA51080010000087690,Вилківська територіальна громада,5108001,1,linked
UA51,UA5108,UA51080030000048246,Ізмаїльська територіальна громада,5108003,1,linked
UA51,UA5108,UA51080050000022808,Кілійська територіальна громада,5108005,1,linked
UA51,UA5108,UA51080070000040493,Ренійська територіальна громада,5108007,1,linked
UA51,UA5108,UA51080090000065506,Саф’янівська територіальна громада,5108009,1,linked
UA51,UA5108,UA51080110000079212,Суворовська територіальна громада,5108011,1,linked
UA51,UA5110,UA51100010000023950,Авангардівська територіальна громада,5110001,1,linked
UA51,UA5110,UA51100030000027628,Біляївська територіальна громада,5110003,1,linked
UA51,UA5110,UA51100050000066202,Великодальницька територіальна громада,5110005,1,linked
UA51,UA5110,UA51100070000063635,Великодолинська територіальна громада,5110007,1,linked
UA51,UA5110,UA51100090000094901,Вигодянська територіальна громада,5110009,1,linked
UA51,UA5110,UA51100110000098468,Визирська територіальна громада,5110011,1,linked
UA51,UA5110,UA51100130000021533,Дальницька територіальна громада,5110013,1,linked
UA51,UA5110,UA51100150000090671,Дачненська територіальна громада,5110015,1,linked
UA51,UA5110,UA51100170000087238,Доброславська територіальна громада,5110017,1,linked
UA51,UA5110,UA51100190000060999,Красносільська територіальна громада,5110019,1,linked
UA51,UA5110,UA51100210000074534,Маяківська територіальна громада,5110021,1,linked
UA51,UA5110,UA51100230000045500,Нерубайська територіальна громада,5110023,1,linked
UA51,UA5110,UA51100250000055079,Овідіопольська територіальна громада,5110025,1,linked
UA51,UA5110,UA51100270000073549,Одеська територіальна громада,5110027,1,linked
UA51,UA5110,UA51100290000027993,Таїровська територіальна громада,5110029,1,linked
UA51,UA5110,UA51100310000010196,Теплодарська територіальна громада,5110031,1,linked
UA51,UA5110,UA51100330000051757,Усатівська територіальна громада,5110033,1,linked
UA51,UA5110,UA51100350000087099,Фонтанська територіальна громада,5110035,1,linked
UA51,UA5110,UA51100370000040590,Чорноморська територіальна громада,5110037,1,linked
UA51,UA5110,UA51100390000087217,Чорноморська територіальна громада,5110039,1,linked
UA51,UA5110,UA51100410000059549,Южненська територіальна громада,5110041,1,linked
UA51,UA5110,UA51100430000081326,Яськівська територіальна громада,5110043,1,linked
UA51,UA5112,UA51120010000025020,Ананьївська територіальна громада,5112001,1,linked
UA51,UA5112,UA51120030000075494,Балтська територіальна громада,5112003,1,linked
UA51,UA5112,UA51120050000071748,Долинська територіальна громада,5112005,1,linked
UA51,UA5112,UA51120070000097161,Зеленогірська територіальна громада,5112007,1,linked
UA51,UA5112,UA51120090000035170,Кодимська територіальна громада,5112009,1,linked
UA51,UA5112,UA51120110000047677,Куяльницька територіальна громада,5112011,1,linked
UA51,UA5112,UA51120130000064324,Любашівська територіальна громада,5112013,1,linked
UA51,UA5112,UA51120150000080138,Окнянська територіальна громада,5112015,1,linked
UA51,UA5112,UA51120170000076247,Піщанська територіальна громада,5112017,1,linked
UA51,UA5112,UA51120190000044451,Подільська територіальна громада,5112019,1,linked
UA51,UA5112,UA51120210000054996,Савранська територіальна громада,5112021,1,linked
UA51,UA5112,UA51120230000084853,Слобідська територіальна громада,5112023,1,linked
UA51,UA5114,UA51140010000090773,Великомихайлівська територіальна громада,5114001,1,linked
UA51,UA5114,UA51140030000062458,Великоплосківська територіальна громада,5114003,1,linked
UA51,UA5114,UA51140050000054980,Затишанська територіальна громада,5114005,1,linked
UA51,UA5114,UA51140070000052649,Захарівська територіальна громада,5114007,1,linked
UA51,UA5114,UA51140090000048720,Лиманська територіальна громада,5114009,1,linked
UA51,UA5114,UA51140110000053825,Новоборисівська територіальна громада,5114011,1,linked
UA51,UA5114,UA51140130000082333,Роздільнянська територіальна громада,5114013,1,linked
UA51,UA5114,UA51140150000095416,Степанівська територіальна громада,5114015,1,linked
UA51,UA5114,UA51140170000019764,Цебриківська територіальна громада,5114017,1,linked
UA53,UA5302,UA53020010000035494,Глобинська територіальна громада,5302001,1,linked
UA53,UA5302,UA53020030000081709,Горішньоплавнівська територіальна громада,5302003,1,linked
UA53,UA5302,UA53020050000041411,Градизька територіальна громада,5302005,1,linked
UA53,UA5302,UA53020070000049284,Кам’янопотоківська територіальна громада,5302007,1,linked
UA53,UA5302,UA53020090000045206,Козельщинська територіальна громада,5302009,1,linked
UA53,UA5302,UA53020110000092487,Кременчуцька територіальна громада,5302011,1,linked
UA53,UA5302,UA53020130000091122,Новогалещинська територіальна громада,5302013,1,linked
UA53,UA5302,UA53020150000098867,Оболонська територіальна громада,5302015,1,linked
UA53,UA5302,UA53020170000049108,Омельницька територіальна громада,5302017,1,linked
UA53,UA5302,UA53020190000090557,Піщанська територіальна громада,5302019,1,linked
UA53,UA5302,UA53020210000023587,Пришибська територіальна громада,5302021,1,linked
UA53,UA5302,UA53020230000086353,Семенівська територіальна громада,5302023,1,linked
UA53,UA5304,UA53040010000091190,Гребінківська територіальна громада,5304001,1,linked
UA53,UA5304,UA53040030000088898,Лубенська територіальна громада,5304003,1,linked
UA53,UA5304,UA53040050000091161,Новооржицька територіальна громада,5304005,1,linked
UA53,UA5304,UA53040070000083099,Оржицька територіальна громада,5304007,1,linked
UA53,UA5304,UA53040090000048649,Пирятинська територіальна громада,5304009,1,linked
UA53,UA5304,UA53040110000034949,Хорольська територіальна громада,5304011,1,linked
UA53,UA5304,UA53040130000097690,Чорнухинська територіальна громада,5304013,1,linked
UA53,UA5306,UA53060010000060316,Білоцерківська територіальна громада,5306001,1,linked
UA53,UA5306,UA53060030000045288,Великобагачанська територіальна громада,5306003,1,linked
UA53,UA5306,UA53060050000024229,Великобудищанська територіальна громада,5306005,1,linked
UA53,UA5306,UA53060070000077527,Великосорочинська територіальна громада,5306007,1,linked
UA53,UA5306,UA53060090000098426,Гадяцька територіальна громада,5306009,1,linked
UA53,UA5306,UA53060110000084138,Гоголівська територіальна громада,5306011,1,linked
UA53,UA5306,UA53060130000040567,Заводська територіальна громада,5306013,1,linked
UA53,UA5306,UA53060150000093603,Комишнянська територіальна громада,5306015,1,linked
UA53,UA5306,UA53060170000064030,Краснолуцька територіальна громада,5306017,1,linked
UA53,UA5306,UA53060190000015369,Лохвицька територіальна громада,5306019,1,linked
UA53,UA5306,UA53060210000044776,Лютенська територіальна громада,5306021,1,linked
UA53,UA5306,UA53060230000098362,Миргородська територіальна громада,5306023,1,linked
UA53,UA5306,UA53060250000043118,Петрівсько-Роменська територіальна громада,5306025,1,linked
UA53,UA5306,UA53060270000016329,Ромоданівська територіальна громада,5306027,1,linked
UA53,UA5306,UA53060290000047345,Сенчанська територіальна громада,5306029,1,linked
UA53,UA5306,UA53060310000047988,Сергіївська територіальна громада,5306031,1,linked
UA53,UA5306,UA53060330000036503,Шишацька територіальна громада,5306033,1,linked
UA53,UA5308,UA53080010000088479,Білицька територіальна громада,5308001,1,linked
UA53,UA5308,UA53080030000061078,Великорублівська територіальна громада,5308003,1,linked
UA53,UA5308,UA53080050000011754,Диканська територіальна громада,5308005,1,linked
UA53,UA5308,UA53080070000036333,Драбинівська територіальна громада,5308007,1,linked
UA53,UA5308,UA53080090000014431,Зіньківська територіальна громада,5308009,1,linked
UA53,UA5308,UA53080110000062015,Карлівська територіальна громада,5308011,1,linked
UA53,UA5308,UA53080130000014699,Кобеляцька територіальна громада,5308013,1,linked
UA53,UA5308,UA53080150000085889,Коломацька територіальна громада,5308015,1,linked
UA53,UA5308,UA53080170000047487,Котелевська територіальна громада,5308017,1,linked
UA53,UA5308,UA53080190000081150,Ланнівська територіальна громада,5308019,1,linked
UA53,UA5308,UA53080210000072644,Мартинівська територіальна громада,5308021,1,linked
UA53,UA5308,UA53080230000047239,Мачухівська територіальна громада,5308023,1,linked
UA53,UA5308,UA53080250000097618,Машівська територіальна громада,5308025,1,linked
UA53,UA5308,UA53080270000062586,Михайлівська територіальна громада,5308027,1,linked
UA53,UA5308,UA53080290000024637,Нехворощанська територіальна громада,5308029,1,linked
UA53,UA5308,UA53080310000072384,Новосанжарська територіальна громада,5308031,1,linked
UA53,UA5308,UA53080330000062155,Новоселівська територіальна громада,5308033,1,linked
UA53,UA5308,UA53080350000070563,Опішнянська територіальна громада,5308035,1,linked
UA53,UA5308,UA53080370000025447,Полтавська територіальна громада,5308037,1,linked
UA53,UA5308,UA53080390000027656,Решетилівська територіальна громада,5308039,1,linked
UA53,UA5308,UA53080410000094938,Скороходівська територіальна громада,5308041,1,linked
UA53,UA5308,UA53080430000085474,Терешківська територіальна громада,5308043,1,linked
UA53,UA5308,UA53080450000087891,Чутівська територіальна громада,5308045,1,linked
UA53,UA5308,UA53080470000053547,Щербанівська територіальна громада,5308047,1,linked
UA56,UA5602,UA56020010000027956,Антонівська територіальна громада,5602001,1,linked
UA56,UA5602,UA56020030000068439,Вараська територіальна громада,5602003,1,linked
UA56,UA5602,UA56020050000087443,Володимирецька територіальна громада,5602005,1,linked
UA56,UA5602,UA56020070000060676,Зарічненська територіальна громада,5602007,1,linked
UA56,UA5602,UA56020090000066575,Каноницька територіальна громада,5602009,1,linked
UA56,UA5602,UA56020110000024586,Локницька територіальна громада,5602011,1,linked
UA56,UA5602,UA56020130000066130,Полицька територіальна громада,5602013,1,linked
UA56,UA5602,UA56020150000079107,Рафалівська територіальна громада,5602015,1,linked
UA56,UA5604,UA56040010000048910,Бокіймівська територіальна громада,5604001,1,linked
UA56,UA5604,UA56040030000031906,Боремельська територіальна громада,5604003,1,linked
UA56,UA5604,UA56040050000074861,Варковицька територіальна громада,5604005,1,linked
UA56,UA5604,UA56040070000046270,Вербська територіальна громада,5604007,1,linked
UA56,UA5604,UA56040090000093293,Демидівська територіальна громада,5604009,1,linked
UA56,UA5604,UA56040110000061997,Дубенська територіальна громада,5604011,1,linked
UA56,UA5604,UA56040130000011543,Козинська територіальна громада,5604013,1,linked
UA56,UA5604,UA56040150000039275,Крупецька територіальна громада,5604015,1,linked
UA56,UA5604,UA56040170000050651,Мирогощанська територіальна громада,5604017,1,linked
UA56,UA5604,UA56040190000045841,Млинівська територіальна громада,5604019,1,linked
UA56,UA5604,UA56040210000047101,Острожецька територіальна громада,5604021,1,linked
UA56,UA5604,UA56040230000032182,Підлозцівська територіальна громада,5604023,1,linked
UA56,UA5604,UA56040250000064519,Повчанська територіальна громада,5604025,1,linked
UA56,UA5604,UA56040270000014394,Привільненська територіальна громада,5604027,1,linked
UA56,UA5604,UA56040290000025511,Радивилівська територіальна громада,5604029,1,linked
UA56,UA5604,UA56040310000052028,Семидубська територіальна громада,5604031,1,linked
UA56,UA5604,UA56040330000091100,Смизька територіальна громада,5604033,1,linked
UA56,UA5604,UA56040350000014945,Тараканівська територіальна громада,5604035,1,linked
UA56,UA5604,UA56040370000063056,Ярославицька територіальна громада,5604037,1,linked
UA56,UA5606,UA56060010000018261,Бабинська територіальна громада,5606001,1,linked
UA56,UA5606,UA56060030000057923,Березнівська територіальна громада,5606003,1,linked
UA56,UA5606,UA56060050000010769,Білокриницька територіальна громада,5606005,1,linked
UA56,UA5606,UA56060070000034529,Бугринська територіальна громада,5606007,1,linked
UA56,UA5606,UA56060090000066065,Великомежиріцька територіальна громада,5606009,1,linked
UA56,UA5606,UA56060110000087064,Великоомелянська територіальна громада,5606011,1,linked
UA56,UA5606,UA56060130000072276,Головинська територіальна громада,5606013,1,linked
UA56,UA5606,UA56060150000079268,Городоцька територіальна громада,5606015,1,linked
UA56,UA5606,UA56060170000073171,Гощанська територіальна громада,5606017,1,linked
UA56,UA5606,UA56060190000073111,Деражненська територіальна громада,5606019,1,linked
UA56,UA5606,UA56060210000017052,Дядьковицька територіальна громада,5606021,1,linked
UA56,UA5606,UA56060230000076543,Здовбицька територіальна громада,5606023,1,linked
UA56,UA5606,UA56060250000052338,Здолбунівська територіальна громада,5606025,1,linked
UA56,UA5606,UA56060270000047362,Зорянська територіальна громада,5606027,1,linked
UA56,UA5606,UA56060290000044465,Клеванська територіальна громада,5606029,1,linked
UA56,UA5606,UA56060310000066585,Корецька територіальна громада,5606031,1,linked
UA56,UA5606,UA56060330000075139,Корнинська територіальна громада,5606033,1,linked
UA56,UA5606,UA56060350000045909,Костопільська територіальна громада,5606035,1,linked
UA56,UA5606,UA56060370000023028,Малинська територіальна громада,5606037,1,linked
UA56,UA5606,UA56060390000090915,Малолюбашанська територіальна громада,5606039,1,linked
UA56,UA5606,UA56060410000055190,Мізоцька територіальна громада,5606041,1,linked
UA56,UA5606,UA56060430000081857,Олександрійська територіальна громада,5606043,1,linked
UA56,UA5606,UA56060450000083945,Острозька територіальна громада,5606045,1,linked
UA56,UA5606,UA56060470000086729,Рівненська територіальна громада,5606047,1,linked
UA56,UA5606,UA56060490000031684,Соснівська територіальна громада,5606049,1,linked
UA56,UA5606,UA56060510000062151,Шпанівська територіальна громада,5606051,1,linked
UA56,UA5608,UA56080010000083302,Березівська територіальна громада,5608001,1,linked
UA56,UA5608,UA56080030000069650,Вирівська територіальна громада,5608003,1,linked
UA56,UA5608,UA56080050000068593,Висоцька територіальна громада,5608005,1,linked
UA56,UA5608,UA56080070000040721,Дубровицька територіальна громада,5608007,1,linked
UA56,UA5608,UA56080090000098391,Клесівська територіальна громада,5608009,1,linked
UA56,UA5608,UA56080110000056503,Миляцька територіальна громада,5608011,1,linked
UA56,UA5608,UA56080130000056682,Немовицька територіальна громада,5608013,1,linked
UA56,UA5608,UA56080150000069525,Рокитнівська територіальна громада,5608015,1,linked
UA56,UA5608,UA56080170000055864,Сарненська територіальна громада,5608017,1,linked
UA56,UA5608,UA56080190000032614,Старосільська територіальна громада,5608019,1,linked
UA56,UA5608,UA56080210000074337,Степанська територіальна громада,5608021,1,linked
UA59,UA5902,UA59020010000024157,Бочечківська територіальна громада,5902001,1,linked
UA59,UA5902,UA59020030000072865,Буринська територіальна громада,5902003,1,linked
UA59,UA5902,UA59020050000012539,Дубов’язівська територіальна громада,5902005,1,linked
UA59,UA5902,UA59020070000032449,Конотопська територіальна громада,5902007,1,linked
UA59,UA5902,UA59020090000085438,Кролевецька територіальна громада,5902009,1,linked
UA59,UA5902,UA59020110000066430,Новослобідська територіальна громада,5902011,1,linked
UA59,UA5902,UA59020130000060377,Попівська територіальна громада,5902013,1,linked
UA59,UA5902,UA59020150000078955,Путивльська територіальна громада,5902015,1,linked
UA59,UA5904,UA59040010000075530,Боромлянська територіальна громада,5904001,1,linked
UA59,UA5904,UA59040030000060142,Великописарівська територіальна громада,5904003,1,linked
UA59,UA5904,UA59040050000033127,Грунська територіальна громада,5904005,1,linked
UA59,UA5904,UA59040070000045520,Кириківська територіальна громада,5904007,1,linked
UA59,UA5904,UA59040090000041737,Комишанська територіальна громада,5904009,1,linked
UA59,UA5904,UA59040110000026694,Охтирська територіальна громада,5904011,1,linked
UA59,UA5904,UA59040130000041676,Тростянецька територіальна громада,5904013,1,linked
UA59,UA5904,UA59040150000076482,Чернеччинська територіальна громада,5904015,1,linked
UA59,UA5904,UA59040170000054314,Чупахівська територіальна громада,5904017,1,linked
UA59,UA5906,UA59060010000042952,Андріяшівська територіальна громада,5906001,1,linked
UA59,UA5906,UA59060030000069916,Вільшанська територіальна громада,5906003,1,linked
UA59,UA5906,UA59060050000060884,Коровинська територіальна громада,5906005,1,linked
UA59,UA5906,UA59060070000040784,Липоводолинська територіальна громада,5906007,1,linked
UA59,UA5906,UA59060090000012687,Недригайлівська територіальна громада,5906009,1,linked
UA59,UA5906,UA59060110000049734,Роменська територіальна громада,5906011,1,linked
UA59,UA5906,UA59060130000041204,Синівська територіальна громада,5906013,1,linked
UA59,UA5906,UA59060150000055022,Хмелівська територіальна громада,5906015,1,linked
UA59,UA5908,UA59080010000078468,Бездрицька територіальна громада,5908001,1,linked
UA59,UA5908,UA59080030000075526,Білопільська територіальна громада,5908003,1,linked
UA59,UA5908,UA59080050000061215,Верхньосироватська територіальна громада,5908005,1,linked
UA59,UA5908,UA59080070000062635,Ворожбянська територіальна громада,5908007,1,linked
UA59,UA5908,UA59080090000092991,Краснопільська територіальна громада,5908009,1,linked
UA59,UA5908,UA59080110000034361,Лебединська територіальна громада,5908011,1,linked
UA59,UA5908,UA59080130000022249,Миколаївська територіальна громада,5908013,1,linked
UA59,UA5908,UA59080150000013842,Миколаївська територіальна громада,5908015,1,linked
UA59,UA5908,UA59080170000056499,Миропільська територіальна громада,5908017,1,linked
UA59,UA5908,UA59080190000095280,Нижньосироватська територіальна громада,5908019,1,linked
UA59,UA5908,UA59080210000075243,Річківська територіальна громада,5908021,1,linked
UA59,UA5908,UA59080230000084731,Садівська територіальна громада,5908023,1,linked
UA59,UA5908,UA59080250000082875,Степанівська територіальна громада,5908025,1,linked
UA59,UA5908,UA59080270000073662,Сумська територіальна громада,5908027,1,linked
UA59,UA5908,UA59080290000021284,Хотінська територіальна громада,5908029,1,linked
UA59,UA5908,UA59080310000049988,Юнаківська територіальна громада,5908031,1,linked
UA59,UA5910,UA59100010000064812,Березівська територіальна громада,5910001,1,linked
UA59,UA5910,UA59100030000078744,Глухівська територіальна громада,5910003,1,linked
UA59,UA5910,UA59100050000059594,Дружбівська територіальна громада,5910005,1,linked
UA59,UA5910,UA59100070000019079,Есманьська територіальна громада,5910007,1,linked
UA59,UA5910,UA59100090000041284,Зноб-Новгородська територіальна громада,5910009,1,linked
UA59,UA5910,UA59100110000012703,Свеська територіальна громада,5910011,1,linked
UA59,UA5910,UA59100130000041016,Середино-Будська територіальна громада,5910013,1,linked
UA59,UA5910,UA59100150000074932,Шалигинська територіальна громада,5910015,1,linked
UA59,UA5910,UA59100170000093676,Шосткинська територіальна громада,5910017,1,linked
UA59,UA5910,UA59100190000010734,Ямпільська територіальна громада,5910019,1,linked
UA61,UA6102,UA61020010000028670,Борсуківська територіальна громада,6102001,1,linked
UA61,UA6102,UA61020030000060484,Великодедеркальська територіальна громада,6102003,1,linked
UA61,UA6102,UA61020050000098539,Вишнівецька територіальна громада,6102005,1,linked
UA61,UA6102,UA61020070000092368,Кременецька територіальна громада,6102007,1,linked
UA61,UA6102,UA61020090000020422,Лановецька територіальна громада,6102009,1,linked
UA61,UA6102,UA61020110000084342,Лопушненська територіальна громада,6102011,1,linked
UA61,UA6102,UA61020130000037505,Почаївська територіальна громада,6102013,1,linked
UA61,UA6102,UA61020150000036935,Шумська територіальна громада,6102015,1,linked
UA61,UA6104,UA61040010000042862,Байковецька територіальна громада,6104001,1,linked
UA61,UA6104,UA61040030000060956,Бережанська територіальна громада,6104003,1,linked
UA61,UA6104,UA61040050000096355,Білецька територіальна громада,6104005,1,linked
UA61,UA6104,UA61040070000079091,Великоберезовицька територіальна громада,6104007,1,linked
UA61,UA6104,UA61040090000047241,Великобірківська територіальна громада,6104009,1,linked
UA61,UA6104,UA61040110000010646,Великогаївська територіальна громада,6104011,1,linked
UA61,UA6104,UA61040130000085402,Залозецька територіальна громада,6104013,1,linked
UA61,UA6104,UA61040150000098181,Збаразька територіальна громада,6104015,1,linked
UA61,UA6104,UA61040170000086062,Зборівська територіальна громада,6104017,1,linked
UA61,UA6104,UA61040190000027979,Золотниківська територіальна громада,6104019,1,linked
UA61,UA6104,UA61040210000084270,Іванівська територіальна громада,6104021,1,linked
UA61,UA6104,UA61040230000060213,Козівська територіальна громада,6104023,1,linked
UA61,UA6104,UA61040250000021345,Козлівська територіальна громада,6104025,1,linked
UA61,UA6104,UA61040270000064661,Купчинецька територіальна громада,6104027,1,linked
UA61,UA6104,UA61040290000047781,Микулинецька територіальна громада,6104029,1,linked
UA61,UA6104,UA61040310000059301,Нараївська територіальна громада,6104031,1,linked
UA61,UA6104,UA61040330000096161,Озернянська територіальна громада,6104033,1,linked
UA61,UA6104,UA61040350000078247,Підволочиська територіальна громада,6104035,1,linked
UA61,UA6104,UA61040370000060170,Підгаєцька територіальна громада,6104037,1,linked
UA61,UA6104,UA61040390000066619,Підгороднянська територіальна громада,6104039,1,linked
UA61,UA6104,UA61040410000065219,Саранчуківська територіальна громада,6104041,1,linked
UA61,UA6104,UA61040430000018305,Скалатська територіальна громада,6104043,1,linked
UA61,UA6104,UA61040450000064468,Скориківська територіальна громада,6104045,1,linked
UA61,UA6104,UA61040470000038207,Теребовлянська територіальна громада,6104047,1,linked
UA61,UA6104,UA61040490000035010,Тернопільська територіальна громада,6104049,1,linked
UA61,UA6106,UA61060010000070653,Білобожницька територіальна громада,6106001,1,linked
UA61,UA6106,UA61060030000070527,Більче-Золотецька територіальна громада,6106003,1,linked
UA61,UA6106,UA61060050000068464,Борщівська територіальна громада,6106005,1,linked
UA61,UA6106,UA61060070000098188,Бучацька територіальна громада,6106007,1,linked
UA61,UA6106,UA61060090000060396,Васильковецька територіальна громада,6106009,1,linked
UA61,UA6106,UA61060110000078824,Гримайлівська територіальна громада,6106011,1,linked
UA61,UA6106,UA61060130000045755,Гусятинська територіальна громада,6106013,1,linked
UA61,UA6106,UA61060150000032895,Заводська територіальна громада,6106015,1,linked
UA61,UA6106,UA61060170000051011,Заліщицька територіальна громада,6106017,1,linked
UA61,UA6106,UA61060190000016283,Золотопотіцька територіальна громада,6106019,1,linked
UA61,UA6106,UA61060210000021722,Іване-Пустенська територіальна громада,6106021,1,linked
UA61,UA6106,UA61060230000067504,Колиндянська територіальна громада,6106023,1,linked
UA61,UA6106,UA61060250000062700,Копичинецька територіальна громада,6106025,1,linked
UA61,UA6106,UA61060270000084790,Коропецька територіальна громада,6106027,1,linked
UA61,UA6106,UA61060290000038953,Мельнице-Подільська територіальна громада,6106029,1,linked
UA61,UA6106,UA61060310000061998,Монастириська територіальна громада,6106031,1,linked
UA61,UA6106,UA61060330000041227,Нагірянська територіальна громада,6106033,1,linked
UA61,UA6106,UA61060350000024021,Скала-Подільська територіальна громада,6106035,1,linked
UA61,UA6106,UA61060370000081851,Товстенська територіальна громада,6106037,1,linked
UA61,UA6106,UA61060390000013361,Трибухівська територіальна громада,6106039,1,linked
UA61,UA6106,UA61060410000092242,Хоростківська територіальна громада,6106041,1,linked
UA61,UA6106,UA61060430000094264,Чортківська територіальна громада,6106043,1,linked
UA63,UA6302,UA63020010000079018,Богодухівська територіальна громада,6302001,1,linked
UA63,UA6302,UA63020030000094096,Валківська територіальна громада,6302003,1,linked
UA63,UA6302,UA63020050000045982,Золочівська територіальна громада,6302005,1,linked
UA63,UA6302,UA63020070000090466,Коломацька територіальна громада,6302007,1,linked
UA63,UA6302,UA63020090000096294,Краснокутська територіальна громада,6302009,1,linked
UA63,UA6304,UA63040010000010092,Балаклійська територіальна громада,6304001,1,linked
UA63,UA6304,UA63040030000052515,Барвінківська територіальна громада,6304003,1,linked
UA63,UA6304,UA63040050000042831,Борівська територіальна громада,6304005,1,linked
UA63,UA6304,UA63040070000092606,Донецька територіальна громада,6304007,1,linked
UA63,UA6304,UA63040090000021240,Ізюмська територіальна громада,6304009,1,linked
UA63,UA6304,UA63040110000053205,Куньєвська територіальна громада,6304011,1,linked
UA63,UA6304,UA63040130000098894,Оскільська територіальна громада,6304013,1,linked
UA63,UA6304,UA63040150000053402,Савинська територіальна громада,6304015,1,linked
UA63,UA6306,UA63060010000015783,Зачепилівська територіальна громада,6306001,1,linked
UA63,UA6306,UA63060030000041642,Кегичівська територіальна громада,6306003,1,linked
UA63,UA6306,UA63060050000033240,Красноградська територіальна громада,6306005,1,linked
UA63,UA6306,UA63060070000031032,Наталинська територіальна громада,6306007,1,linked
UA63,UA6306,UA63060090000041888,Сахновщинська територіальна громада,6306009,1,linked
UA63,UA6306,UA63060110000043554,Старовірівська територіальна громада,6306011,1,linked
UA63,UA6308,UA63080010000040281,Великобурлуцька територіальна громада,6308001,1,linked
UA63,UA6308,UA63080030000019649,Вільхуватська територіальна громада,6308003,1,linked
UA63,UA6308,UA63080050000048455,Дворічанська територіальна громада,6308005,1,linked
UA63,UA6308,UA63080070000080622,Кіндрашівська територіальна громада,6308007,1,linked
UA63,UA6308,UA63080090000067457,Куп’янська територіальна громада,6308009,1,linked
UA63,UA6308,UA63080110000021737,Курилівська територіальна громада,6308011,1,linked
UA63,UA6308,UA63080130000077600,Петропавлівська територіальна громада,6308013,1,linked
UA63,UA6308,UA63080150000094794,Шевченківська територіальна громада,6308015,1,linked
UA63,UA6310,UA63100010000016136,Біляївська територіальна громада,6310001,1,linked
UA63,UA6310,UA63100030000050119,Близнюківська територіальна громада,6310003,1,linked
UA63,UA6310,UA63100050000079487,Лозівська територіальна громада,6310005,1,linked
UA63,UA6310,UA63100070000048302,Олексіївська територіальна громада,6310007,1,linked
UA63,UA6310,UA63100090000052019,Первомайська територіальна громада,6310009,1,linked
UA63,UA6312,UA63120010000021682,Безлюдівська територіальна громада,6312001,1,linked
UA63,UA6312,UA63120030000035245,Височанська територіальна громада,6312003,1,linked
UA63,UA6312,UA63120050000019867,Вільхівська територіальна громада,6312005,1,linked
UA63,UA6312,UA63120070000018741,Дергачівська територіальна громада,6312007,1,linked
UA63,UA6312,UA63120090000046130,Липецька територіальна громада,6312009,1,linked
UA63,UA6312,UA63120110000043456,Люботинська територіальна громада,6312011,1,linked
UA63,UA6312,UA63120130000010762,Малоданилівська територіальна громада,6312013,1,linked
UA63,UA6312,UA63120150000086206,Мереф’янська територіальна громада,6312015,1,linked
UA63,UA6312,UA63120170000093573,Нововодолазька територіальна громада,6312017,1,linked
UA63,UA6312,UA63120190000093717,Південноміська територіальна громада,6312019,1,linked
UA63,UA6312,UA63120210000075842,Пісочинська територіальна громада,6312021,1,linked
UA63,UA6312,UA63120230000080742,Роганська територіальна громада,6312023,1,linked
UA63,UA6312,UA63120250000081463,Солоницівська територіальна громада,6312025,1,linked
UA63,UA6312,UA63120270000028556,Харківська територіальна громада,6312027,1,linked
UA63,UA6312,UA63120290000021734,Циркунівська територіальна громада,6312029,1,linked
UA63,UA6314,UA63140010000049419,Вовчанська територіальна громада,6314001,1,linked
UA63,UA6314,UA63140030000091352,Зміївська територіальна громада,6314003,1,linked
UA63,UA6314,UA63140050000096783,Малинівська територіальна громада,6314005,1,linked
UA63,UA6314,UA63140070000015310,Новопокровська територіальна громада,6314007,1,linked
UA63,UA6314,UA63140090000052369,Печенізька територіальна громада,6314009,1,linked
UA63,UA6314,UA63140110000087562,Слобожанська територіальна громада,6314011,1,linked
UA63,UA6314,UA63140130000029212,Старосалтівська територіальна громада,6314013,1,linked
UA63,UA6314,UA63140150000093944,Чкаловська територіальна громада,6314015,1,linked
UA63,UA6314,UA63140170000087785,Чугуївська територіальна громада,6314017,1,linked
UA65,UA6502,UA65020010000060480,Бериславська територіальна громада,6502001,1,linked
UA65,UA6502,UA65020030000094118,Борозенська територіальна громада,6502003,1,linked
UA65,UA6502,UA65020050000086746,Великоолександрівська територіальна громада,6502005,1,linked
UA65,UA6502,UA65020070000029027,Високопільська територіальна громада,6502007,1,linked
UA65,UA6502,UA65020090000016354,Калинівська територіальна громада,6502009,1,linked
UA65,UA6502,UA65020110000081240,Кочубеївська територіальна громада,6502011,1,linked
UA65,UA6502,UA65020130000012731,Милівська територіальна громада,6502013,1,linked
UA65,UA6502,UA65020150000047137,Нововоронцовська територіальна громада,6502015,1,linked
UA65,UA6502,UA65020170000056973,Новоолександрівська територіальна громада,6502017,1,linked
UA65,UA6502,UA65020190000013272,Новорайська територіальна громада,6502019,1,linked
UA65,UA6502,UA65020210000085773,Тягинська територіальна громада,6502021,1,linked
UA65,UA6504,UA65040010000061104,Генічеська територіальна громада,6504001,1,linked
UA65,UA6504,UA65040030000056170,Іванівська територіальна громада,6504003,1,linked
UA65,UA6504,UA65040050000029613,Нижньосірогозька територіальна громада,6504005,1,linked
UA65,UA6504,UA65040070000086673,Новотроїцька територіальна громада,6504007,1,linked
UA65,UA6506,UA65060010000033335,Асканія-Нова територіальна громада,6506001,1,linked
UA65,UA6506,UA65060030000075716,Великолепетиська територіальна громада,6506003,1,linked
UA65,UA6506,UA65060050000022914,Верхньорогачицька територіальна громада,6506005,1,linked
UA65,UA6506,UA65060070000037346,Горностаївська територіальна громада,6506007,1,linked
UA65,UA6506,UA65060090000037720,Зеленопідська територіальна громада,6506009,1,linked
UA65,UA6506,UA65060110000017055,Каховська територіальна громада,6506011,1,linked
UA65,UA6506,UA65060130000026961,Костянтинівська територіальна громада,6506013,1,linked
UA65,UA6506,UA65060150000054200,Любимівська територіальна громада,6506015,1,linked
UA65,UA6506,UA65060170000032937,Новокаховська територіальна громада,6506017,1,linked
UA65,UA6506,UA65060190000091058,Присиваська територіальна громада,6506019,1,linked
UA65,UA6506,UA65060210000049771,Рубанівська територіальна громада,6506021,1,linked
UA65,UA6506,UA65060230000076026,Тавричанська територіальна громада,6506023,1,linked
UA65,UA6506,UA65060250000073379,Таврійська територіальна громада,6506025,1,linked
UA65,UA6506,UA65060270000020124,Хрестівська територіальна громада,6506027,1,linked
UA65,UA6506,UA65060290000041992,Чаплинська територіальна громада,6506029,1,linked
UA65,UA6508,UA65080010000062554,Бехтерська територіальна громада,6508001,1,linked
UA65,UA6508,UA65080030000058401,Голопристанська територіальна громада,6508003,1,linked
UA65,UA6508,UA65080050000077041,Долматівська територіальна громада,6508005,1,linked
UA65,UA6508,UA65080070000011930,Каланчацька територіальна громада,6508007,1,linked
UA65,UA6508,UA65080090000034188,Лазурненська територіальна громада,6508009,1,linked
UA65,UA6508,UA65080110000032706,Мирненська територіальна громада,6508011,1,linked
UA65,UA6508,UA65080130000090391,Новомиколаївська територіальна громада,6508013,1,linked
UA65,UA6508,UA65080150000042499,Скадовська територіальна громада,6508015,1,linked
UA65,UA6508,UA65080170000067222,Чулаківська територіальна громада,6508017,1,linked
UA65,UA6510,UA65100010000048953,Білозерська територіальна громада,6510001,1,linked
UA65,UA6510,UA65100030000028786,Великокопанівська територіальна громада,6510003,1,linked
UA65,UA6510,UA65100050000017921,Виноградівська територіальна громада,6510005,1,linked
UA65,UA6510,UA65100070000064512,Дар’ївська територіальна громада,6510007,1,linked
UA65,UA6510,UA65100090000097337,Музиківська територіальна громада,6510009,1,linked
UA65,UA6510,UA65100110000015344,Олешківська територіальна громада,6510011,1,linked
UA65,UA6510,UA65100130000084882,Станіславська територіальна громада,6510013,1,linked
UA65,UA6510,UA65100150000057191,Херсонська територіальна громада,6510015,1,linked
UA65,UA6510,UA65100170000014054,Чорнобаївська територіальна громада,6510017,1,linked
UA65,UA6510,UA65100190000073217,Ювілейна територіальна громада,6510019,1,linked
UA68,UA6802,UA68020010000017180,Гуківська територіальна громада,6802001,1,linked
UA68,UA6802,UA68020030000032574,Гуменецька територіальна громада,6802003,1,linked
UA68,UA6802,UA68020050000040518,Дунаєвецька територіальна громада,6802005,1,linked
UA68,UA6802,UA68020070000084437,Жванецька територіальна громада,6802007,1,linked
UA68,UA6802,UA68020090000037732,Закупненська територіальна громада,6802009,1,linked
UA68,UA6802,UA68020110000071202,Кам’янець-Подільська територіальна громада,6802011,1,linked
UA68,UA6802,UA68020130000052994,Китайгородська територіальна громада,6802013,1,linked
UA68,UA6802,UA68020150000089666,Маківська територіальна громада,6802015,1,linked
UA68,UA6802,UA68020170000033495,Новодунаєвецька територіальна громада,6802017,1,linked
UA68,UA6802,UA68020190000052031,Новоушицька територіальна громада,6802019,1,linked
UA68,UA6802,UA68020210000024765,Орининська територіальна громада,6802021,1,linked
UA68,UA6802,UA68020230000069135,Слобідсько-Кульчієвецька територіальна громада,6802023,1,linked
UA68,UA6802,UA68020250000080044,Смотрицька територіальна громада,6802025,1,linked
UA68,UA6802,UA68020270000040572,Староушицька територіальна громада,6802027,1,linked
UA68,UA6802,UA68020290000026103,Чемеровецька територіальна громада,6802029,1,linked
UA68,UA6804,UA68040010000025276,Антонінська територіальна громада,6804001,1,linked
UA68,UA6804,UA68040030000027335,Вiйтовецька територіальна громада,6804003,1,linked
UA68,UA6804,UA68040050000052367,Віньковецька територіальна громада,6804005,1,linked
UA68,UA6804,UA68040070000035730,Вовковинецька територіальна громада,6804007,1,linked
UA68,UA6804,UA68040090000087566,Волочиська територіальна громада,6804009,1,linked
UA68,UA6804,UA68040110000011931,Гвардійська територіальна громада,6804011,1,linked
UA68,UA6804,UA68040130000024471,Городоцька територіальна громада,6804013,1,linked
UA68,UA6804,UA68040150000077185,Деражнянська територіальна громада,6804015,1,linked
UA68,UA6804,UA68040170000061140,Заслучненська територіальна громада,6804017,1,linked
UA68,UA6804,UA68040190000021840,Зіньківська територіальна громада,6804019,1,linked
UA68,UA6804,UA68040210000089917,Красилівська територіальна громада,6804021,1,linked
UA68,UA6804,UA68040230000081901,Летичівська територіальна громада,6804023,1,linked
UA68,UA6804,UA68040250000053378,Лісовогринівецька територіальна громада,6804025,1,linked
UA68,UA6804,UA68040270000072985,Меджибізька територіальна громада,6804027,1,linked
UA68,UA6804,UA68040290000010822,Миролюбненська територіальна громада,6804029,1,linked
UA68,UA6804,UA68040310000052042,Наркевицька територіальна громада,6804031,1,linked
UA68,UA6804,UA68040330000086970,Розсошанська територіальна громада,6804033,1,linked
UA68,UA6804,UA68040350000083350,Сатанівська територіальна громада,6804035,1,linked
UA68,UA6804,UA68040370000082743,Солобковецька територіальна громада,6804037,1,linked
UA68,UA6804,UA68040390000011141,Старокостянтинівська територіальна громада,6804039,1,linked
UA68,UA6804,UA68040410000062890,Староостропільська територіальна громада,6804041,1,linked
UA68,UA6804,UA68040430000052699,Старосинявська територіальна громада,6804043,1,linked
UA68,UA6804,UA68040450000097735,Теофіпольська територіальна громада,6804045,1,linked
UA68,UA6804,UA68040470000053519,Хмельницька територіальна громада,6804047,1,linked
UA68,UA6804,UA68040490000093353,Чорноострівська територіальна громада,6804049,1,linked
UA68,UA6804,UA68040510000019366,Щиборівська територіальна громада,6804051,1,linked
UA68,UA6804,UA68040530000044109,Ярмолинецька територіальна громада,6804053,1,linked
UA68,UA6806,UA68060010000056690,Берездівська територіальна громада,6806001,1,linked
UA68,UA6806,UA68060030000077318,Білогірська територіальна громада,6806003,1,linked
UA68,UA6806,UA68060050000037587,Ганнопільська територіальна громада,6806005,1,linked
UA68,UA6806,UA68060070000048275,Грицівська територіальна громада,6806007,1,linked
UA68,UA6806,UA68060090000093924,Ізяславська територіальна громада,6806009,1,linked
UA68,UA6806,UA68060110000046608,Крупецька територіальна громада,6806011,1,linked
UA68,UA6806,UA68060130000034298,Ленковецька територіальна громада,6806013,1,linked
UA68,UA6806,UA68060150000029549,Михайлюцька територіальна громада,6806015,1,linked
UA68,UA6806,UA68060170000075276,Нетішинська територіальна громада,6806017,1,linked
UA68,UA6806,UA68060190000075749,Плужненська територіальна громада,6806019,1,linked
UA68,UA6806,UA68060210000095851,Полонська територіальна громада,6806021,1,linked
UA68,UA6806,UA68060230000028195,Понінківська територіальна громада,6806023,1,linked
UA68,UA6806,UA68060250000078635,Сахновецька територіальна громада,6806025,1,linked
UA68,UA6806,UA68060270000042174,Славутська територіальна громада,6806027,1,linked
UA68,UA6806,UA68060290000039941,Судилківська територіальна громада,6806029,1,linked
UA68,UA6806,UA68060310000022172,Улашанівська територіальна громада,6806031,1,linked
UA68,UA6806,UA68060330000029010,Шепетівська територіальна громада,6806033,1,linked
UA68,UA6806,UA68060350000035460,Ямпільська територіальна громада,6806035,1,linked
UA71,UA7102,UA71020010000037786,Бужанська територіальна громада,7102001,1,linked
UA71,UA7102,UA71020030000059581,Ватутінська територіальна громада,7102003,1,linked
UA71,UA7102,UA71020050000074004,Виноградська територіальна громада,7102005,1,linked
UA71,UA7102,UA71020070000078820,Вільшанська територіальна громада,7102007,1,linked
UA71,UA7102,UA71020090000047211,Водяницька територіальна громада,7102009,1,linked
UA71,UA7102,UA71020110000015834,Єрківська територіальна громада,7102011,1,linked
UA71,UA7102,UA71020130000086047,Звенигородська територіальна громада,7102013,1,linked
UA71,UA7102,UA71020150000082849,Катеринопільська територіальна громада,7102015,1,linked
UA71,UA7102,UA71020170000024193,Лип’янська територіальна громада,7102017,1,linked
UA71,UA7102,UA71020190000034403,Лисянська територіальна громада,7102019,1,linked
UA71,UA7102,UA71020210000030936,Матусівська територіальна громада,7102021,1,linked
UA71,UA7102,UA71020230000095267,Мокрокалигірська територіальна громада,7102023,1,linked
UA71,UA7102,UA71020250000078192,Селищенська територіальна громада,7102025,1,linked
UA71,UA7102,UA71020270000021083,Стеблівська територіальна громада,7102027,1,linked
UA71,UA7102,UA71020290000032540,Тальнівська територіальна громада,7102029,1,linked
UA71,UA7102,UA71020310000027379,Шевченківська територіальна громада,7102031,1,linked
UA71,UA7102,UA71020330000027449,Шполянська територіальна громада,7102033,1,linked
UA71,UA7104,UA71040010000032874,Великохутірська територіальна громада,7104001,1,linked
UA71,UA7104,UA71040030000055285,Вознесенська територіальна громада,7104003,1,linked
UA71,UA7104,UA71040050000016509,Гельмязівська територіальна громада,7104005,1,linked
UA71,UA7104,UA71040070000034468,Драбівська територіальна громада,7104007,1,linked
UA71,UA7104,UA71040090000047664,Золотоніська територіальна громада,7104009,1,linked
UA71,UA7104,UA71040110000054881,Зорівська територіальна громада,7104011,1,linked
UA71,UA7104,UA71040130000029175,Іркліївська територіальна громада,7104013,1,linked
UA71,UA7104,UA71040150000026547,Новодмитрівська територіальна громада,7104015,1,linked
UA71,UA7104,UA71040170000034734,Піщанська територіальна громада,7104017,1,linked
UA71,UA7104,UA71040190000080571,Чорнобаївська територіальна громада,7104019,1,linked
UA71,UA7104,UA71040210000024694,Шрамківська територіальна громада,7104021,1,linked
UA71,UA7106,UA71060010000027807,Бабанська територіальна громада,7106001,1,linked
UA71,UA7106,UA71060030000053648,Баштечківська територіальна громада,7106003,1,linked
UA71,UA7106,UA71060050000056084,Буцька територіальна громада,7106005,1,linked
UA71,UA7106,UA71060070000098837,Дмитрушківська територіальна громада,7106007,1,linked
UA71,UA7106,UA71060090000088339,Жашківська територіальна громада,7106009,1,linked
UA71,UA7106,UA71060110000085867,Іваньківська територіальна громада,7106011,1,linked
UA71,UA7106,UA71060130000099511,Ладижинська територіальна громада,7106013,1,linked
UA71,UA7106,UA71060150000062190,Маньківська територіальна громада,7106015,1,linked
UA71,UA7106,UA71060170000092613,Монастирищенська територіальна громада,7106017,1,linked
UA71,UA7106,UA71060190000086831,Паланська територіальна громада,7106019,1,linked
UA71,UA7106,UA71060210000032972,Уманська територіальна громада,7106021,1,linked
UA71,UA7106,UA71060230000095772,Христинівська територіальна громада,7106023,1,linked
UA71,UA7108,UA71080010000073303,Балаклеївська територіальна громада,7108001,1,linked
UA71,UA7108,UA71080030000050121,Березняківська територіальна громада,7108003,1,linked
UA71,UA7108,UA71080050000028174,Білозірська територіальна громада,7108005,1,linked
UA71,UA7108,UA71080070000050993,Бобрицька територіальна громада,7108007,1,linked
UA71,UA7108,UA71080090000075810,Будищенська територіальна громада,7108009,1,linked
UA71,UA7108,UA71080110000055395,Городищенська територіальна громада,7108011,1,linked
UA71,UA7108,UA71080130000078619,Кам’янська територіальна громада,7108013,1,linked
UA71,UA7108,UA71080150000071745,Канівська територіальна громада,7108015,1,linked
UA71,UA7108,UA71080170000080118,Корсунь-Шевченківська територіальна громада,7108017,1,linked
UA71,UA7108,UA71080190000038712,Леськівська територіальна громада,7108019,1,linked
UA71,UA7108,UA71080210000074132,Ліплявська територіальна громада,7108021,1,linked
UA71,UA7108,UA71080230000065521,Медведівська територіальна громада,7108023,1,linked
UA71,UA7108,UA71080250000099725,Михайлівська територіальна громада,7108025,1,linked
UA71,UA7108,UA71080270000076233,Мліївська територіальна громада,7108027,1,linked
UA71,UA7108,UA71080290000067044,Мошнівська територіальна громада,7108029,1,linked
UA71,UA7108,UA71080310000072487,Набутівська територіальна громада,7108031,1,linked
UA71,UA7108,UA71080330000082129,Ротмістрівська територіальна громада,7108033,1,linked
UA71,UA7108,UA71080350000033809,Руськополянська територіальна громада,7108035,1,linked
UA71,UA7108,UA71080370000064287,Сагунівська територіальна громада,7108037,1,linked
UA71,UA7108,UA71080390000078978,Смілянська територіальна громада,7108039,1,linked
UA71,UA7108,UA71080410000061690,Степанецька територіальна громада,7108041,1,linked
UA71,UA7108,UA71080430000025181,Степанківська територіальна громада,7108043,1,linked
UA71,UA7108,UA71080450000083423,Тернівська територіальна громада,7108045,1,linked
UA71,UA7108,UA71080470000038153,Червонослобідська територіальна громада,7108047,1,linked
UA71,UA7108,UA71080490000022110,Черкаська територіальна громада,7108049,1,linked
UA71,UA7108,UA71080510000028067,Чигиринська територіальна громада,7108051,1,linked
UA73,UA7302,UA73020010000044067,Банилівська територіальна громада,7302001,1,linked
UA73,UA7302,UA73020030000022011,Берегометська територіальна громада,7302003,1,linked
UA73,UA7302,UA73020050000061546,Брусницька територіальна громада,7302005,1,linked
UA73,UA7302,UA73020070000035367,Вашківецька територіальна громада,7302007,1,linked
UA73,UA7302,UA73020090000031499,Вижницька територіальна громада,7302009,1,linked
UA73,UA7302,UA73020110000071923,Конятинська територіальна громада,7302011,1,linked
UA73,UA7302,UA73020130000092871,Путильська територіальна громада,7302013,1,linked
UA73,UA7302,UA73020150000076225,Селятинська територіальна громада,7302015,1,linked
UA73,UA7302,UA73020170000016631,Усть-Путильська територіальна громада,7302017,1,linked
UA73,UA7304,UA73040010000039325,Вашковецька територіальна громада,7304001,1,linked
UA73,UA7304,UA73040030000042378,Кельменецька територіальна громада,7304003,1,linked
UA73,UA7304,UA73040050000080963,Клішковецька територіальна громада,7304005,1,linked
UA73,UA7304,UA73040070000053425,Лівинецька територіальна громада,7304007,1,linked
UA73,UA7304,UA73040090000036527,Мамалигівська територіальна громада,7304009,1,linked
UA73,UA7304,UA73040110000040354,Недобоївська територіальна громада,7304011,1,linked
UA73,UA7304,UA73040130000087963,Новодністровська територіальна громада,7304013,1,linked
UA73,UA7304,UA73040150000056182,Рукшинська територіальна громада,7304015,1,linked
UA73,UA7304,UA73040170000011490,Сокирянська територіальна громада,7304017,1,linked
UA73,UA7304,UA73040190000062796,Хотинська територіальна громада,7304019,1,linked
UA73,UA7306,UA73060010000052133,Боянська територіальна громада,7306001,1,linked
UA73,UA7306,UA73060030000078843,Ванчиковецька територіальна громада,7306003,1,linked
UA73,UA7306,UA73060050000034325,Великокучурівська територіальна громада,7306005,1,linked
UA73,UA7306,UA73060070000082869,Веренчанська територіальна громада,7306007,1,linked
UA73,UA7306,UA73060090000047054,Вікнянська територіальна громада,7306009,1,linked
UA73,UA7306,UA73060110000070017,Волоківська територіальна громада,7306011,1,linked
UA73,UA7306,UA73060130000078771,Герцаївська територіальна громада,7306013,1,linked
UA73,UA7306,UA73060150000088691,Глибоцька територіальна громада,7306015,1,linked
UA73,UA7306,UA73060170000031531,Горішньошеровецька територіальна громада,7306017,1,linked
UA73,UA7306,UA73060190000043347,Заставнівська територіальна громада,7306019,1,linked
UA73,UA7306,UA73060210000010691,Кадубовецька територіальна громада,7306021,1,linked
UA73,UA7306,UA73060230000024500,Кам’янецька територіальна громада,7306023,1,linked
UA73,UA7306,UA73060250000049790,Кам’янська територіальна громада,7306025,1,linked
UA73,UA7306,UA73060270000016588,Карапчівська територіальна громада,7306027,1,linked
UA73,UA7306,UA73060290000034305,Кіцманська територіальна громада,7306029,1,linked
UA73,UA7306,UA73060310000074904,Кострижівська територіальна громада,7306031,1,linked
UA73,UA7306,UA73060330000039245,Красноїльська територіальна громада,7306033,1,linked
UA73,UA7306,UA73060350000057190,Магальська територіальна громада,7306035,1,linked
UA73,UA7306,UA73060370000059595,Мамаївська територіальна громада,7306037,1,linked
UA73,UA7306,UA73060390000017602,Неполоковецька територіальна громада,7306039,1,linked
UA73,UA7306,UA73060410000077092,Новоселицька територіальна громада,7306041,1,linked
UA73,UA7306,UA73060430000042676,Острицька територіальна громада,7306043,1,linked
UA73,UA7306,UA73060450000099566,Петровецька територіальна громада,7306045,1,linked
UA73,UA7306,UA73060470000040033,Ставчанська територіальна громада,7306047,1,linked
UA73,UA7306,UA73060490000033679,Сторожинецька територіальна громада,7306049,1,linked
UA73,UA7306,UA73060510000025800,Сучевенська територіальна громада,7306051,1,linked
UA73,UA7306,UA73060530000099979,Тарашанська територіальна громада,7306053,1,linked
UA73,UA7306,UA73060550000052402,Тереблеченська територіальна громада,7306055,1,linked
UA73,UA7306,UA73060570000058573,Топорівська територіальна громада,7306057,1,linked
UA73,UA7306,UA73060590000095243,Чагорська територіальна громада,7306059,1,linked
UA73,UA7306,UA73060610000066784,Чернівецька територіальна громада,7306061,1,linked
UA73,UA7306,UA73060630000091311,Чудейська територіальна громада,7306063,1,linked
UA73,UA7306,UA73060650000012771,Юрковецька територіальна громада,7306065,1,linked
UA74,UA7402,UA74020010000010449,Корюківська територіальна громада,7402001,1,linked
UA74,UA7402,UA74020030000069340,Менська територіальна громада,7402003,1,linked
UA74,UA7402,UA74020050000033944,Сновська територіальна громада,7402005,1,linked
UA74,UA7402,UA74020070000037186,Сосницька територіальна громада,7402007,1,linked
UA74,UA7402,UA74020090000083820,Холминська територіальна громада,7402009,1,linked
UA74,UA7404,UA74040010000076097,Батуринська територіальна громада,7404001,1,linked
UA74,UA7404,UA74040030000093042,Бахмацька територіальна громада,7404003,1,linked
UA74,UA7404,UA74040050000013413,Бобровицька територіальна громада,7404005,1,linked
UA74,UA7404,UA74040070000086652,Борзнянська територіальна громада,7404007,1,linked
UA74,UA7404,UA74040090000047246,Вертіївська територіальна громада,7404009,1,linked
UA74,UA7404,UA74040110000021989,Височанська територіальна громада,7404011,1,linked
UA74,UA7404,UA74040130000094076,Дмитрівська територіальна громада,7404013,1,linked
UA74,UA7404,UA74040150000010608,Комарівська територіальна громада,7404015,1,linked
UA74,UA7404,UA74040170000037628,Крутівська територіальна громада,7404017,1,linked
UA74,UA7404,UA74040190000070909,Лосинівська територіальна громада,7404019,1,linked
UA74,UA7404,UA74040210000018988,Макіївська територіальна громада,7404021,1,linked
UA74,UA7404,UA74040230000022565,Мринська територіальна громада,7404023,1,linked
UA74,UA7404,UA74040250000063494,Ніжинська територіальна громада,7404025,1,linked
UA74,UA7404,UA74040270000069132,Новобасанська територіальна громада,7404027,1,linked
UA74,UA7404,UA74040290000072674,Носівська територіальна громада,7404029,1,linked
UA74,UA7404,UA74040310000039217,Плисківська територіальна громада,7404031,1,linked
UA74,UA7404,UA74040330000024949,Талалаївська територіальна громада,7404033,1,linked
UA74,UA7406,UA74060010000052907,Коропська територіальна громада,7406001,1,linked
UA74,UA7406,UA74060030000026607,Новгород-Сіверська територіальна громада,7406003,1,linked
UA74,UA7406,UA74060050000061355,Понорницька територіальна громада,7406005,1,linked
UA74,UA7406,UA74060070000028810,Семенівська територіальна громада,7406007,1,linked
UA74,UA7408,UA74080010000063011,Варвинська територіальна громада,7408001,1,linked
UA74,UA7408,UA74080030000040714,Ічнянська територіальна громада,7408003,1,linked
UA74,UA7408,UA74080050000033938,Ладанська територіальна громада,7408005,1,linked
UA74,UA7408,UA74080070000022285,Линовицька територіальна громада,7408007,1,linked
UA74,UA7408,UA74080090000092409,Малодівицька територіальна громада,7408009,1,linked
UA74,UA7408,UA74080110000023749,Парафіївська територіальна громада,7408011,1,linked
UA74,UA7408,UA74080130000060606,Прилуцька територіальна громада,7408013,1,linked
UA74,UA7408,UA74080150000033167,Срібнянська територіальна громада,7408015,1,linked
UA74,UA7408,UA74080170000055617,Сухополов’янська територіальна громада,7408017,1,linked
UA74,UA7408,UA74080190000091939,Талалаївська територіальна громада,7408019,1,linked
UA74,UA7408,UA74080210000098421,Яблунівська територіальна громада,7408021,1,linked
UA74,UA7410,UA74100010000063674,Березнянська територіальна громада,7410001,1,linked
UA74,UA7410,UA74100030000076377,Гончарівська територіальна громада,7410003,1,linked
UA74,UA7410,UA74100050000019554,Городнянська територіальна громада,7410005,1,linked
UA74,UA7410,UA74100070000057810,Деснянська територіальна громада,7410007,1,linked
UA74,UA7410,UA74100090000064336,Добрянська територіальна громада,7410009,1,linked
UA74,UA7410,UA74100110000030364,Іванівська територіальна громада,7410011,1,linked
UA74,UA7410,UA74100130000039404,Киїнська територіальна громада,7410013,1,linked
UA74,UA7410,UA74100150000090847,Киселівська територіальна громада,7410015,1,linked
UA74,UA7410,UA74100170000043593,Кіптівська територіальна громада,7410017,1,linked
UA74,UA7410,UA74100190000086457,Козелецька територіальна громада,7410019,1,linked
UA74,UA7410,UA74100210000053397,Куликівська територіальна громада,7410021,1,linked
UA74,UA7410,UA74100230000068041,Любецька територіальна громада,7410023,1,linked
UA74,UA7410,UA74100250000038291,Михайло-Коцюбинська територіальна громада,7410025,1,linked
UA74,UA7410,UA74100270000049748,Новобілоуська територіальна громада,7410027,1,linked
UA74,UA7410,UA74100290000084770,Олишівська територіальна громада,7410029,1,linked
UA74,UA7410,UA74100310000091595,Остерська територіальна громада,7410031,1,linked
UA74,UA7410,UA74100330000029082,Ріпкинська територіальна громада,7410033,1,linked
UA74,UA7410,UA74100350000075160,Седнівська територіальна громада,7410035,1,linked
UA74,UA7410,UA74100370000041962,Тупичівська територіальна громада,7410037,1,linked
UA74,UA7410,UA74100390000073425,Чернігівська територіальна громада,7410039,1,linked
UA80,UA8000,UA80000000000479391,м. Київ,8000000,1,special_city
